site,year,natural_seed_set,natural_seed_n,mismatch_day,source_id
NFP,1999,0.34,28,4,E094-213-A1
NFP,2000,0.41,31,1,E094-213-A1
NFP,2001,0.54,39,1,E094-213-A1
NFP,2002,0.14,40,7,E094-213-A1
NFP,2003,0.25,44,7,E094-213-A1
NFP,2005,0.35,48,3,E094-213-A1
NFP,2006,0.15,41,1,E094-213-A1
NFP,2007,0.50,20,2,E094-213-A1
NFP,2008,0.29,37,7,E094-213-A1
NFP,2009,0.32,46,7,E094-213-A1
NFP,2010,0.57,55,-1,E094-213-A1
NFP,2011,0.66,53,1,E094-213-A1
NFP,2012,0.57,50,0,E094-213-A1
TOEF,1999,0.58,40,3,E094-213-A1
TOEF,2000,0.38,32,5,E094-213-A1
TOEF,2001,0.48,35,1,E094-213-A1
TOEF,2002,0.04,40,7,E094-213-A1
TOEF,2003,0.44,40,4,E094-213-A1
TOEF,2005,0.35,21,5,E094-213-A1
TOEF,2006,0.20,60,7,E094-213-A1
TOEF,2007,0.78,30,-1,E094-213-A1
TOEF,2008,0.44,28,2,E094-213-A1
JOZ,2002,0.32,40,5,E094-213-A1
JOZ,2003,0.60,60,2,E094-213-A1
JOZ,2007,0.78,29,-7,E094-213-A1
JOZ,2008,0.20,40,5,E094-213-A1
JOZ,2009,0.64,37,-8,E094-213-A1
JOZ,2011,0.64,47,-1,E094-213-A1
JOZ,2012,0.53,49,2,E094-213-A1
