component_id,study_id,interaction_type,window_reference_class,timing_geometry,fitness_channel,outcome_finality,current_quant_status,landscape_status,dependence_id,notes
LND_IWE001_WHOLE,IWE001,mutualist,independent_partner_activity,two_sided_signed_lag,net_reproduction,final,directional_extracted,directional_evidence,DEP_CORYDALIS_KUDO_LONGTERM,"Three site-level native signed-lag correlations already exist, but all span both sides of exact matching. Raw annual rows can support one-sided re-extraction where sample size permits."
LND_IWE002_LONGTERM,IWE002,mutualist,independent_partner_activity,two_sided_signed_lag,net_reproduction,final,pending,reextract_directional,DEP_CORYDALIS_KUDO_LONGTERM,"Nopporo 1999-2017 extends IWE001; useful for directional geometry but not an independent programme."
LND_IWE004_SEASONAL,IWE004,mutualist,seasonal_position_only,seasonal_gradient,net_reproduction,final,pending,context_only,DEP_IWE004_PULSATILLA,"Bee abundance rises through season while visitation to focal flowers declines; calendar date cannot be treated as one partner-relative window."
LND_IWE011_GRADIENT,IWE011,antagonist,realized_interaction_window,seasonal_gradient,net_reproduction,final,directional_extracted,realized_window_evidence,DEP_PEUCEDANUM_KUDO_PROGRAM,"Final intact fruit set is available across flowering timing, but the focal Phaulernis window is inferred from oviposition/egg observations and therefore describes realized interaction timing, not independent adult availability."
LND_IWE012_SELECTION,IWE012,antagonist,seasonal_position_only,seasonal_selection,net_reproduction,final,directional_extracted,selection_shift_evidence,DEP_IWE012_GENTIANA,"Strong antagonist-mediated flowering-time selection across 20 populations and two years; partner-relative activity remains unresolved."
LND_IWE013_EARLY_LATE,IWE013,antagonist,historical_partner_window,early_vs_late,total_offspring_fitness,final,pending,context_only,DEP_IWE013_ACTAEA,"Early/late flowering links seed predation and offspring fitness, but the predator window is imported from earlier literature rather than measured contemporaneously."
LND_IWE014_MIXED,IWE014,mixed_pollinating_seed_predator,realized_interaction_window,early_vs_late,net_reproduction,final,source_summary_evidence,channel_decoupling_evidence,DEP_IWE014_SILENE_VULGARIS,"Early versus late flowering separates pollination and seed-predation consequences in a Hadena system; full extraction must preserve benefit, cost and net channels separately."
LND_IWE015_NET,IWE015,mixed_pollinating_seed_predator,independent_partner_activity,ordered_window,net_reproduction,final,variance_hold,strong_candidate,DEP_SILENE_STELLATA_HADENA_MLBS,"Hadena-dominant versus co-pollinator-dominant windows are measured directly and successful fruits are post-predation; quantitative use awaits raw variance verification."
LND_IWE023_NET,IWE023,mutualist,independent_partner_activity,ordered_window,net_reproduction,final,extracted,strong_candidate,DEP_MERTENSIA_GALLAGHER_CAMPBELL_RMBL,"Experimental flowering cohorts are independently ordered by same-season pollinator visitation; final mature seed set is extracted."
LND_IWE027_NET,IWE027,mutualist,independent_partner_activity,ordered_window,net_reproduction,final,extracted,strong_candidate,DEP_IWE027_TAISETSU_2007,"2007 early versus middle flowering is ordered by contemporaneous bumble-bee activity and linked to final natural seed set."
LND_IWE028_ESCAPE,IWE028,antagonist,realized_interaction_window,seasonal_gradient,potential_reproduction,not_final,pending,mechanism_only,DEP_IWE028_TRIPOLIUM,"Flowering rank and attack demonstrate temporal escape, but realized seed set is model-derived without recoverable variance and cannot serve as final fitness."
LND_IWE029_NET,IWE029,mutualist,independent_partner_activity,ordered_window,net_reproduction,final,extracted,strong_candidate,DEP_IWE029_CATIMBAU_2020,"Peak and late windows are ordered by measured Centris activity and linked to natural-pollination seed set."
LND_IWE031_TIMING,IWE031,antagonist,direct_interaction_manipulation,interaction_timing_manipulation,net_reproduction,final,source_summary_evidence,experimental_timing_evidence,DEP_IWE031_ASCLEPIAS_MONARCH,"Herbivory timing is experimentally manipulated and viable seed production is measured. This identifies sensitivity to interaction timing but not a natural partner-availability window."
LND_IWE032_ESCAPE,IWE032,antagonist,independent_partner_activity,early_core_late,net_reproduction,final,blocked_timing_linkage,strong_candidate,DEP_IWE032_CARDAMINE_DIBBINSDALE,"Female butterfly flight is independently measured and plant ramets are followed to dehiscence. The preflight already preserves core-vs-early and core-vs-late separately; numeric 2012-2014 female timing remains the blocker."
LND_IWE032_ACTIVE_COST,IWE032,antagonist,realized_interaction_window,gaussian_cost_window,cost_channel,not_final,source_summary_evidence,mechanism_only,DEP_IWE032_CARDAMINE_DIBBINSDALE,"Source-reported total-egg and active-egg Gaussian curves show host-stage filtering shifts the effective antagonist peak +0.49 flowering-date SD and narrows sigma from 0.92 to 0.66. This is realized/effective cost geometry, not independent adult-flight timing."
LND_ARNALDO2014_FILTER,PIVOT_ARNALDO2014,antagonist,realized_interaction_window,host_stage_survival_filter,cost_channel,not_final,source_summary_evidence,mechanism_only,DEP_PHENGARIS_ARNALDO_PORTUGAL_2014,"Independent Portuguese Gentiana-Phengaris programme: 127 shoots and 837 eggs show offspring survival varies with host bud size/developmental stage and oviposition period. Replicates host-stage filtering of raw exposure, but does not measure final plant fitness."
LND_JADEJA2017_FILTER,PIVOT_JADEJA2017,mixed_pollinating_seed_predator,realized_interaction_window,sequential_flower_abortion_filter,cost_channel,not_final,source_summary_evidence,mechanism_only,DEP_YUCCA_JADEJA_2017,"Yucca glauca resource allocation makes late distal flowers more likely to abort when basal fruits are present; all Tegeticula eggs in aborted flowers die. Taxonomically distinct host filter; mechanism only, no final plant-fitness effect."
LND_IWE032_EFFECTIVE_FITNESS,IWE032,antagonist,realized_interaction_window,gaussian_effective_fitness_surface,net_reproduction,final,source_model_reconstructed,realized_window_evidence,DEP_IWE032_CARDAMINE_DIBBINSDALE,"Source Equation 1 propagates the active-egg Gaussian through observed intact-RU fractions and larval survival to final fitness. High-fecundity trough predicts 29.98% loss from baseline; medium predicts 13.72%. Same Cardamine dependence cluster; not independent adult-flight evidence."
LND_SERCU2020_ESCAPE,PIVOT_SERCU2020,antagonist,realized_interaction_window,bimodal_escape_tradeoff,net_reproduction,final,source_summary_evidence,realized_window_evidence,DEP_GEUM_BYTURUS_SERCU_2015_2017,"Geum urbanum × Byturus ochraceus: predation occurred almost exclusively in the first flowering peak; among predated plants final total seed mass was maximized at an intermediate 36% of flowers in the second peak. This is a realized predator-window/final-fitness tradeoff, not independently censused adult availability."
LND_ATLAN2010_ULEX_BOUNDARY,PIVOT_ATLAN2010,antagonist,realized_interaction_window,alternative_escape_strategies,net_reproduction,final,source_summary_evidence,boundary_evidence,DEP_ULEX_ATLAN_COMMON_GARDEN_2010,"Ulex europaeus common garden: long-flowering plants escape the seed-predation peak in time, while short-flowering plants fruit during the peak but reduce attack partly via predator satiation. Whole-season infestation is nearly identical (29% vs 30%), and maternal flowering type has no significant effect on annual pod or seed production; retained as a null/boundary against a timing-only escape rule."
