candidate_id,study_id,interaction_type,dependence_id,raw_or_adult_timing,effective_consumer_timing,prefinal_host_filter,phase_alignment_varies,final_plant_endpoint,paired_simpler_vs_stage_comparison,status,blocker,notes
PHA_IWE032,IWE032,antagonist,DEP_IWE032_CARDAMINE_DIBBINSDALE,blocked,yes,yes,yes,yes,blocked,near_confirmatory,"numeric 2012-2014 female flight timing","Cardamine now has positive phase-to-final-fate evidence: flowering-to-oviposition interval is 11.50 d early vs 5.72 d late, with 34% vs 4% of final-instar attacked plants dehiscing before larval completion (overall fate chi-square=11.95,p=0.003). Raw adult flight exists in principle; only the paired adult-vs-stage comparison is blocked by numeric female-flight recovery."
PHA_KULA2012,PIVOT_KULA2012,mixed_pollinating_seed_predator,DEP_SILENE_STELLATA_HADENA_MLBS,partial,yes,yes,yes,no,partial,mechanism_only,"final post-cost plant reproduction absent in Chapter 3","Year-specific oviposition-to-larva phase relation changes and predation sign reverses; phase safety margin crosses zero, but predation is the cost endpoint rather than final plant reproduction and adult timing is not independent."
PHA_POSLEDOVICH2015,PIVOT_POSLEDOVICH2015,antagonist,DEP_ANTHOCARIS_POSLEDOVICH_LAB2015,yes,yes,yes,yes,yes,no,boundary_null,"no paired simpler-vs-stage prediction comparison; final response is mature-seedpod escape not viable-seed count","Experimental host-stage and temperature effects on larval performance were observed but source GLM found host species alone predicted outgrowth to mature seedpods; the outgrowth analysis excludes hosts that did not require transfer. This is a biological endpoint boundary and not a paired model comparison or proof of no seed-number effect."
PHA_LATHYRUS_LONGTERM,PIVOT_VALDES2021,antagonist,DEP_LATHYRUS_BRUCHUS_LONGTERM,partial,no,yes,yes,yes,no,boundary_null,"no measured delayed consumer-stage timing or paired simpler-vs-stage predictive comparison","In a 21-year phenotypic-selection analysis the yearly covariance of flowering date with seed predation was not a detected moderator of flowering-time selection on intact-seed fitness; this is a biological selection-pathway boundary and a non-significant coefficient is not an equivalence test."
PHA_PARKINSONIA,PIVOT_VANKLINKEN2008,antagonist,DEP_PARKINSONIA_PENTHOBRUCHUS_AUS_2000_2003,partial,partial,partial,yes,yes,yes,paired_realized_positive,"realized oviposition rather than independent adult timing; pre-final filter is parasitism/hatch rather than a host-specific phase coordinate","Seven matched region-season rows from four regions permit a source-derived paired diagnostic. Annual ground-pod egg density predicts final seed predation modestly (Pearson r=0.476; leave-one-region-out RMSE=20.58 pp), stage-matched egg density improves correlation but little out-of-region prediction (r=0.596; RMSE=19.93), and stage-matched egg density filtered by observed parasitism and hatch is much more predictive (r=0.938; RMSE=4.92). Region blocking prevents leakage from repeated seasons within VRD, Barkly and Central Queensland. This is positive stage/filter evidence but not confirmatory adult-window superiority."
PHA_DIANTHUS,PIVOT_COLLIN2010,mixed_pollinating_seed_predator,DEP_DIANTHUS_HADENA_COLLIN_2001_2003,no,partial,partial,yes,yes,no,final_landscape_no_alignment,"independent adult timing and explicit delayed-stage coordinate absent","Calendar flowering onset predicts final unattacked mature-seed fruit production in two years; primary and secondary predation are distinguished, but no source-defined phase-lag coordinate."
PHA_GLOCHIDION,PIVOT_LUO2017,mixed_pollinating_seed_predator,DEP_GLOCHIDION_EPICEPHALA_LUO2017,yes,yes,yes,no,yes,no,stage_structure,"phase lag does not vary as a tested predictor","Adult pollination/oviposition and larval seed cost are separated by roughly eight months; mature seed fate is measured, but no contrast in phase alignment."
PHA_TROLLIUS,PIVOT_TROLLIUS_CHIASTOCHETA,mixed_pollinating_seed_predator,DEP_TROLLIUS_CHIASTOCHETA_STAGE_TIMING,partial,yes,partial,yes,partial,no,mechanism_only,"no variance-bearing final plant-fitness comparison across stage-timing classes","Fly species differ from day-1 to post-flowering oviposition; marginal pollination benefit declines with flower age while larval seed cost persists, but published stage-class comparison is primarily mechanism/consumer performance."
PHA_IWE031,IWE031,antagonist,DEP_IWE031_ASCLEPIAS_MONARCH,yes,partial,yes,yes,yes,no,host_sensitivity_final,"not a delayed phase-lag design and no natural adult-window comparator","Directly manipulates herbivory at three host ages and measures viable seeds; establishes host-stage sensitivity -> final reproduction but not adult-to-delayed-consumer phase alignment."
PHA_HURLBURT2004,MIX002_HURLBURT_2004,mixed_pollinating_seed_predator,DEP_YUCCA_HURLBURT_ONEFOUR,yes,partial,partial,yes,yes,blocked,near_confirmatory,"mature-fruit records not yet source-linked to marked flowering date/cohort","Adult moth timing, marked flowering units, mature fruit dissections and viable-seed variance are all source-backed; thesis join key is the remaining paired-unit blocker."
PHA_AUCUBA_IMAI,PIVOT_IMAI2006_AUCUBA,antagonist,DEP_AUCUBA_ASPHONDYLIA_IMAI2006_2009,yes,yes,yes,yes,yes,no,host_sensitivity_final,"host tissue calibration and final-fate experiment are not measured on the same units","Adult emergence is monitored directly and the 2005 release-date experiment follows each infructescence to final gall/seed-producing fate. However, the reactive-integument developmental series used to define the host tissue window was measured in a separate 1999 sample, and the 2009 hard-endocarp opening experiment is also separate. Public summaries therefore cannot support a same-unit calendar-date versus tissue-stage predictive comparison without back-projecting tissue state across years."
PHA_WU2015_WHEAT_MIDGE,PIVOT_WU2015,antagonist,DEP_WHEAT_MIDGE_WU2012_2013,yes,yes,yes,yes,yes,no,host_sensitivity_final,"source design contains no cultivar-varying stage-free adult-only comparator","Adult activity is independently monitored; ear emergence is experimentally identified as the susceptible host stage; >400 susceptible cultivars provide phase variation and final yield loss. Source Fig.5 prints 2012 synchronization-vs-yield-loss r=0.935,p=0.005. The second reported predictor is cumulative adult catch during each cultivar's ear-emergence interval, which is also stage-conditioned rather than adult-only. Per-cultivar recovery can refine the stage-matched relation but cannot create the missing simpler comparator."
PHA_WISE2015_WHEAT_MIDGE,PIVOT_WISE2015,antagonist,DEP_WHEAT_MIDGE_WISE2015_CANADA,yes,partial,yes,yes,yes,no,host_sensitivity_final,"no paired calendar/adult-only versus stage-specific predictive comparison; public abstract lacks full timing-group table","Adult exposure timing is directly manipulated across spike development and final seed damage/yield loss is measured. Sm1 resistance and third-instar suppression provide a pre-final host filter. Positive experimental stage-to-final evidence, but not confirmatory predictive superiority."
PHA_RIEMER2024,PIVOT_RIEMER2024,antagonist,DEP_PEA_MOTH_RIEMER_2016_2019,yes,no,no,yes,yes,partial,paired_adult_host_positive,"no measured larval stage/filter and no adult-only or held-out-year comparison","88 fields over four years: male pheromone-trap first arrival × pea BBCH60 predicts final percentage damaged seeds better than flowering alone (LOOCV RMSE 9.20 to 7.36 pp; R2 0.58 to 0.78). This is a positive adult×host result, NOT a paired simpler-vs-effective-stage test. Leave-one-field-out does not establish transport to an unseen year; raw data available only on request."
