propagation_id,endpoint_class,rationale
"SIG_IWE001_FINAL","observed_mature_seed_or_yield","Observed terminal mature-seed production or crop yield outcome: final_natural_seed_set"
"SIG_IWE011_POSTCOST","observed_postcost_reproductive_units","Observed post-predation intact fruit set and number; mature seed total not reported in this contrast."
"SIG_IWE032_FILTER","source_model_predicted_final","Active egg distribution propagated into intact reproductive units through the source fitness equation; not independently observed unit-level fitness."
"SIG_IWE032_PHASE_FATE","observed_terminal_fate","Dehisced before larval completion versus total consumption; terminal reproductive fate rather than viable-seed counts."
"SIG_KULA2012_REVERSAL","intermediate_only","Flower/fruit predation only, not complete net seed reproduction."
"SIG_JAMES1998_ERASURE","intermediate_only","Realized cheater larval load only."
"SIG_POSLEDOVICH2015_FINAL","observed_terminal_fate","Mature seedpod/outgrowth fate; no intact mature seed number."
"SIG_LATHYRUS_LONGTERM_SELECTION","derived_reproductive_index","Flowering-time selection coefficient derived from intact-seed fitness; not directly a timed seed-count contrast."
"SIG_SENITA_REDUNDANCY","intermediate_only","Pollination and initial fruit set, without post-larval mature-seed outcomes."
"SIG_ULEX_ALTERNATIVE","observed_mature_seed_or_yield","Observed terminal mature-seed production or crop yield outcome: whole_season_damage_and_reproduction"
"SIG_PARKINSONIA_TRACKING","observed_seed_damage_only","Predation percentage on mature seeds; lacks total net seed output per source unit."
"SIG_COLLIN2010_NET","observed_postcost_reproductive_units","Percentage of flowers with unattacked mature-seed-containing fruits."
"SIG_IMAI2006_AUCUBA","observed_terminal_fate","Complete gall/seed-incompetent fruit versus seed-capable fruit fate, not seed number."
"SIG_HEMBORG1999_TROLLIUS_BUFFER","observed_mature_seed_or_yield","Observed terminal mature-seed production or crop yield outcome: whole_plant_annual_seed_output"
"SIG_IWE023_SERVICE_FINAL","observed_mature_seed_or_yield","Observed terminal mature-seed production or crop yield outcome: final_mature_seed_set"
"SIG_IWE027_SERVICE_FINAL","observed_mature_seed_or_yield","Observed terminal mature-seed production or crop yield outcome: final_intact_natural_seed_set"
"SIG_IWE029_SERVICE_FINAL","observed_mature_seed_or_yield","Observed terminal mature-seed production or crop yield outcome: final_natural_seed_set"
"SIG_WU2015_WHEAT_FINAL","observed_mature_seed_or_yield","Observed terminal mature-seed production or crop yield outcome: final_yield_loss"
"SIG_WISE2015_WHEAT_FINAL","observed_mature_seed_or_yield","Observed terminal mature-seed production or crop yield outcome: final_seed_damage_and_yield_loss"
"SIG_IWE031_HOST_STAGE_FINAL","observed_mature_seed_or_yield","Observed terminal mature-seed production or crop yield outcome: final_viable_seed_production"
"SIG_GOLS2025_SINAPIS_FINAL","derived_reproductive_index","Seed number multiplied by germination probability; integrated reproductive potential, not recruited offspring."
"SIG_GOLS2025_BRASSICA_FINAL","derived_reproductive_index","Seed number multiplied by germination probability; integrated reproductive potential, not recruited offspring."
"SIG_IWE005_TRADESCANTIA_FINAL","observed_mature_seed_or_yield","Observed terminal mature-seed production or crop yield outcome: pollinator_visit_to_mature_seed_set"
"SIG_IWE005_ASCLEPIAS_FINAL","observed_mature_seed_or_yield","Observed terminal mature-seed production or crop yield outcome: pollinator_visit_to_mature_seed_set"
"SIG_IWE024_EARLY_FINAL","observed_mature_seed_or_yield","Observed terminal mature-seed production or crop yield outcome: final_fruit_and_seed_reproduction"
"SIG_IWE024_LATE_FINAL","observed_mature_seed_or_yield","Observed terminal mature-seed production or crop yield outcome: final_fruit_and_seed_reproduction"
"SIG_IWE025_MERTENSIA_FINAL","observed_mature_seed_or_yield","Observed terminal mature-seed production or crop yield outcome: final_mature_seeds_per_flower"
"SIG_IWE008_QILIAN_FINAL","observed_mature_seed_or_yield","Observed terminal mature-seed production or crop yield outcome: individual_seed_setting"
"SIG_IWE002_LONGTERM_FINAL","observed_mature_seed_or_yield","Observed terminal mature-seed production or crop yield outcome: final_natural_seed_set"
"SIG_IWE004_PULSATILLA_FINAL","observed_mature_seed_or_yield","Observed terminal mature-seed production or crop yield outcome: final_seed_set"
"SIG_IWE012_GENTIANA_FINAL","derived_reproductive_index","Selection gradient calculated using reproductive fitness, rather than observed endpoint effect on timed mature-seed count."
"SIG_IWE013_ACTAEA_FINAL","derived_reproductive_index","Offspring reproductive value combines offspring quality and predation risk."
"SIG_IWE026_MERTENSIA_FUSIFORMIS_FINAL","observed_mature_seed_or_yield","Observed terminal mature-seed production or crop yield outcome: total_seed_production_and_offspring_output"
