candidate_id,source_id,plant_taxon,animal_taxon,target_class,effect_family_target,independent_programme,timing_window_measured,post_predation_final_reproduction,smd_summary_stats,status,blocker,priority,notes
MIX002_IWE014,10.1111/j.1600-0587.1991.tb00632.x,Silene vulgaris,Hadena spp.,mixed_pollinating_seed_predator,standardized_mean_difference,yes,no,yes,no,rejected_timing,"Pettersson 1991 links flowering position to pollination, seed predation and final seed output, but a later dedicated Silene-Hadena synchrony study states that earlier Pettersson/Biere-Honders work did not quantify pollinating-seed-predator phenology. Under the frozen contract, early/late outcome patterns cannot substitute for an independently measured Hadena activity window.",DROP,"Independent from IWE015 and valuable direct seasonal-timing evidence, but not strict synchrony."
MIX002_SILENE_CILIATA,10.1111/j.0030-1299.2007.15644.x,Silene ciliata,Hadena consparcatoides,mixed_pollinating_seed_predator,standardized_mean_difference,yes,no,yes,no,rejected_timing,"Full-text/thesis audit: 104 plants were randomized to nocturnal-only, diurnal-only, or open pollination by twice-daily exclusion. This manipulates diel pollinator access/assemblage, not flowering phenology or seasonal plant-Hadena synchrony. It cannot satisfy the frozen phenological timing estimand even if fecundity variance is recovered.",DROP,"Independent Iberian programme and informative nursery-pollination mechanism study, but day-versus-night access is not a more-versus-less phenological synchrony contrast."
MIX002_DIANTHUS_SYLVESTRIS,10.1007/s11258-009-9620-5,Dianthus sylvestris,Hadena compta,mixed_pollinating_seed_predator,standardized_mean_difference,yes,no,yes,no,rejected_timing,"Full-text audit shows flowering phenology, egg deposition, predation and final reproductive success across the season, but no independent contemporaneous adult H. compta activity/availability curve sufficient to order plant timing by partner overlap. Egg receipt and predation are interaction outcomes and cannot substitute for the missing partner window.",DROP,"Retain as direct seasonal-timing evidence only. The previous blocked_effect_form classification was too permissive under the frozen timing contract."
MIX002_BIERE_HONDERS_1996,10.2307/3545936,Silene alba / Silene dioica,Hadena bicruris,mixed_pollinating_seed_predator,standardized_mean_difference,yes,no,yes,no,rejected_timing,"Flowering phenology predicts fruit set/predation and final undamaged-fruit production, but the later dedicated synchrony study explicitly identifies Biere & Honders 1996 as prior work in which the potential effect of pollinating-seed-predator phenology was not quantified. No independent focal-season Hadena activity window is recovered.",DROP,"Independent European programme and strong seasonal-timing evidence, but not strict synchrony under the frozen partner-window gate."
MIX002_FICUS_AUREA,10.2307/2445195,Ficus aurea,Pegoscapus mexicanus,mixed_pollinating_seed_predator,standardized_mean_difference,yes,yes,unresolved,no,blocked_final_surface,"Within-tree phenological synchrony is measured in a dual-role fig-wasp system, but a clean post-cost plant reproductive surface and SMD summaries are not recovered.",P2,"Full-text screened independently in SCH as SCHPRISMA-000122."
MIX002_TROLLIUS_PRESENCE,10.1002/ece3.1544,Trollius europaeus,Chiastocheta spp.,mixed_pollinating_seed_predator,standardized_mean_difference,yes,no,yes,yes,rejected_timing,"Available SMD-ready seed-set summaries compare fly presence/absence across populations rather than phenological synchrony.",DROP,"Do not use partner presence as a timing surrogate."
MIX002_REYNOLDS_2011,10.1002/ece3.1134,Silene stellata,Hadena ectypa,mixed_pollinating_seed_predator,standardized_mean_difference,no,no,yes,unresolved,rejected_dependence,"Same Silene stellata-Hadena Mountain Lake programme as IWE015 and focal exposure is environmental context rather than timing.",DROP,"Cannot create a second independent cluster."
MIX002_SILENE_COLORATA,10.1093/aob/mcw136,Silene colorata,Hadena spp.,mixed_pollinating_seed_predator,standardized_mean_difference,yes,partial,yes,yes,rejected_timing,"Hand-pollination time and broad nocturnal visitation are measured, but focal Hadena-specific high-vs-low partner window is not independently resolved.",DROP,"Do not equate nocturnal pollination treatment with Hadena synchrony."
MIX002_DOUBLEDAY_2017,10.1002/ece3.3014,Silene vulgaris,Hadena ectypa,mixed_pollinating_seed_predator,standardized_mean_difference,yes,no,yes,yes,rejected_timing,"Open-access study tests sex-biased oviposition and egg receipt, not a phenological synchrony contrast.",DROP,"Independent programme but wrong exposure."
ANT002_IWE013,10.1890/14-1860.1,Actaea spicata,Eupithecia immundata,antagonist,standardized_mean_difference,yes,no,yes,no,rejected_timing,"Full-text audit: the 2008 study measures flowering schedule, seed predation and offspring fitness, but the mid-to-late-June Eupithecia oviposition window is imported from Eriksson 1995 and von Zeipel et al. 2006 rather than measured contemporaneously. The frozen timing contract forbids back-projecting historical partner activity. Published early/late outcomes are also repeated measures and do not provide paired SMD variance.",DROP,"Independent from IWE011, but not strict-H1 eligible. 1118 plants across 15 populations; 594 produced both early and late flowers; mother plant is the repeated-measures grouping variable."
ANT002_IWE012,10.1002/ecy.1633,Gentiana pneumonanthe,Phengaris alcon,antagonist,standardized_mean_difference,yes,no,yes,no,rejected_timing,"Flowering-time selection and caterpillar seed predation are quantified, but an independently measured predator-activity window sufficient to order strict synchrony has not been recovered.",DROP,"Do not infer predator synchrony from attack/selection on flowering date itself."
ANT002_IWE028,10.1080/11956860.2000.11682614,Tripolium vulgare,Paroxyna plantaginis,antagonist,standardized_mean_difference,yes,yes,no,no,rejected_other,"Temporal escape from the seed predator is supported, but Paper III measures potential seed set and attack; final realized seed production is model-derived without a variance-bearing direct endpoint.",DROP,"Already adjudicated context-only."
MIX002_YUCCA_SEARCH,search_family:Tegeticula_Parategeticula_Yucca,Yucca spp.,Tegeticula / Parategeticula spp.,mixed_pollinating_seed_predator,standardized_mean_difference,yes,no,yes,no,rejected_timing,"Targeted screen found Yucca–yucca moth work on pollination/oviposition timing and final seed survival, but no recovered study with a focal-season plant flowering contrast independently ordered by contemporaneous moth activity and SMD-ready final reproduction. Keep as background search family, not an active one-blocker candidate.",DROP,New discovery stratum after legacy Silene candidates failed the contemporaneous partner-window gate.
MIX002_FIG_SEARCH,search_family:Agaonidae_Ficus,Ficus spp.,Agaonidae,mixed_pollinating_seed_predator,standardized_mean_difference,yes,no,unresolved,no,rejected_timing,"Targeted screen found fig–fig-wasp crop synchrony and pollinator-availability studies, but plant outcomes are typically abortion/wasp community dynamics or crop-level success without an SMD-ready post-cost seed endpoint tied to a prospectively ordered partner window. No strict replication candidate recovered.",DROP,Broaden beyond Hadena while preserving the same strict timing and SMD contracts.
MIX002_CHIASTOCHETA_SEARCH,search_family:Chiastocheta_Trollius,Trollius spp.,Chiastocheta spp.,mixed_pollinating_seed_predator,standardized_mean_difference,yes,no,yes,no,rejected_timing,Targeted re-screen did not recover a distinct Trollius–Chiastocheta dataset satisfying contemporaneous fly activity plus flowering-overlap plus final reproduction. Existing IWE020 presence/absence summaries remain ineligible as timing.,DROP,"Discovery stratum, not promotion of IWE020."
MIX002_GREYA_SEARCH,search_family:Greya_Lithophragma,Lithophragma spp.,Greya spp.,mixed_pollinating_seed_predator,standardized_mean_difference,yes,no,yes,no,rejected_timing,Targeted re-screen did not recover a distinct Lithophragma–Greya dataset with contemporaneous Greya activity ordering flowering overlap and SMD-ready final reproduction. Existing IWE021 remains context evidence.,DROP,"Discovery stratum, not promotion of IWE021."
ANT002_BAPTISIA_SEARCH,10.1007/BF00377159,Baptisia australis,Epicauta fabricii plus co-occurring flower/seed consumers,antagonist,standardized_mean_difference,yes,yes,yes,no,rejected_other,"The Baptisia programme does contain a source-backed focal antagonist window: adult E. fabricii aggregation was directly counted and arrived late in the flowering season, so earlier flowers could escape blister-beetle pressure. However, seasonal seed production is simultaneously altered by Grapholitha/Tychius seed consumers, other chewing insects and late-season killing frosts. The early-versus-late reproductive contrast therefore cannot be attributed to focal Epicauta synchrony.",DROP,"Timing gate is no longer the blocker. Reclassified after full-programme recheck: direct Epicauta activity exists, but the final seasonal fitness surface is multiply confounded. Do not promote by treating the other consumers/frost as background noise."
MIX002_BOPP_2004,10.1111/j.0030-1299.2004.12625.x,Silene latifolia ssp. alba / Silene dioica,Hadena bicruris,mixed_pollinating_seed_predator,standardized_mean_difference,yes,partial,no,no,blocked_timing_linkage,"Public Oikos methods measure flowering every second day and infer the moth activity period from newly deposited eggs inside female flowers. Egg receipt is a realized interaction outcome, not an independent adult-availability curve, and the published endpoint is not final post-cost plant reproduction. The rescue source is Bopp 2003 Zoologica 152: a 140-page Schweizerbart monograph with 36 tables, ISBN 978-3-510-55039-5, catalogue-confirmed at SLUB Dresden.",P2,"No public digitized monograph was recovered. The no-contact completion route is library/ILL acquisition by ISBN, followed by a two-surface audit for independent adult-moth activity and linked final plant reproduction with variance."
MIX002_SCOPECE_2018,10.1093/aobpla/ply002,Silene latifolia,Hadena bicruris,mixed_pollinating_seed_predator,standardized_mean_difference,yes,no,no,no,rejected_timing,"Natural April-May-June comparisons record H. bicruris infestation rather than an independent adult activity curve, so infestation cannot serve as the synchrony exposure. In addition, monthly seed-per-fruit measurements deliberately sample fruits without direct Hadena infection; the experiment that counts all mature fruits/seeds is a day-vs-night access treatment rather than phenology.",DROP,"Independent Mediterranean programme and a strong mechanistic near-miss, but no single component satisfies timing + post-cost final reproduction together."
ANT002_SERCU_2020,10.1111/1365-2745.13325,Geum urbanum,Byturus ochraceus,antagonist,standardized_mean_difference,yes,no,yes,yes,rejected_timing,"The public Dryad dataset provides flower-emergence date, flower/plant predation status, predated and unpredated seed mass, and total seed mass at flower and plant level. However, the source-defined Byturus activity/oviposition period comes from Pellmyr 1985 and Springer & Goodrich 1986; the focal 2015-2016 programme did not independently census adult beetle activity through the same season. The authors define off-peak flowering relative to the predator period using that natural-history window plus observed infection. Damage cannot be recycled as a contemporaneous partner-activity curve.",DROP,"Raw-data audit completed: variance/final-fitness availability is not the blocker; independent focal-season partner timing is. Dryad 10.5061/dryad.x3ffbg7dz."
ANT002_BERTNESS_1987,10.1007/BF00377284,Juncus gerardi / Spartina patens / Distichlis spicata / Spartina alterniflora,Conocephalus spartinae plus flower-seed consumer guild,antagonist,standardized_mean_difference,yes,yes,yes,no,rejected_other,"Insect abundance and consumer pressure were measured through the season and final seed set was quantified, but the apparent early/mid/late escape contrast is primarily among different plant species and a mixed consumer guild. It is not a clean within plant-taxon × focal-partner synchrony effect.",DROP,"Useful community-scale support that consumer pressure tracks seasonal flowering, but biological unit is incompatible with the strict effect contract."
ANT002_ERIGERON_1992,10.1007/BF00317168,Erigeron glaucus,Tephritis ovatipennis,antagonist,standardized_mean_difference,yes,no,yes,no,rejected_timing,"Plant flowering synchrony with the population predicts herbivory and total viable seed production; low-synchrony clones partly escape Tephritis attack by flowering in fall. However, synchrony is defined against the plant population rather than an independently measured Tephritis activity window.",DROP,"Strong plant-phenology/final-fitness evidence but wrong synchrony reference."
ANT002_ULEX_2010,10.1111/j.1420-9101.2009.01908.x,Ulex europaeus,Exapion ulicis,antagonist,standardized_mean_difference,yes,no,yes,no,rejected_timing,"Common-garden flowering types differ in pod timing, infestation and pod production, but the weevil egg-laying/activity window used to interpret temporal escape is based on prior life-history work; contemporaneous infestation is damage, not an independent partner-activity measure.",DROP,"Direct seasonal-timing evidence with a final reproductive surface, retained outside strict H1."
MUT002_IWE023,10.1002/ajb2.1439,Mertensia ciliata,pollinator assemblage,mutualist,standardized_mean_difference,yes,yes,yes,yes,ready,"",DONE,"Independent RMBL programme from IWE027. Four experimental flowering cohorts have contemporaneous visitation and final seed set; balanced ANOVA F plus all four group means reconstruct the SMD without variance imputation. Uses DEP_MERTENSIA_GALLAGHER_CAMPBELL_RMBL."
ANT002_TOMARES_ASTRAGALUS,10.2307/3565947,Astragalus lusitanicus,Tomares ballus,antagonist,standardized_mean_difference,yes,partial,yes,no,blocked_timing_linkage,"Full Oikos re-audit shows that the focal 1986 synchrony comparison is patch 1 versus patch 2 and that the weekly partner-side series used in that comparison is newly laid T. ballus eggs on tagged host shoots. Egg receipt is a realized interaction outcome, not an independent adult-availability curve under the frozen timing contract. The same tagged shoots were followed to ripe fruits and viable/aborted seeds, so the final-response surface exists, but one patch per synchrony state cannot be converted to an independent-groups plant SMD by using nested inflorescence or shoot n. The companion 1990 life-history paper documents the regional adult flight season (late January to late April, mid-March peak) but no source-backed contemporaneous patch-1/patch-2 adult activity series has yet been recovered.",P2,"Former P1 correct-unit-variance classification was too optimistic. Strict rescue requires a long-form/thesis source that supplies an independent adult T. ballus activity series for the focal season plus a timing exposure replicated at a compatible unit, ideally joined to the tagged-shoot final reproduction table. Do not use newly laid eggs as adult availability and do not treat 211/77 inflorescences or 28/13 tagged shoots as independent replicates of a one-patch-versus-one-patch exposure."
MIX002_CHAMAEROPS_DERELOMUS,10.1093/aob/mcx177,Chamaerops humilis,Derelomus chamaeropsis,mixed_pollinating_seed_predator,standardized_mean_difference,yes,yes,no,no,rejected_other,"The 2018 study quantifies host flowering synchrony and nursery-pollinator larval occupancy, but D. chamaeropsis larvae develop primarily in male inflorescence rachises and successful female fruit development largely prevents larval development. The measured cost is therefore not a seed-consuming/post-female-reproduction surface compatible with the frozen mixed class.",DROP,"Nursery pollination sensu lato, but not a qualifying pollinating seed-predator effect for IWE."
MIX002_RHEUM_BRADYSIA,10.1038/srep29886,Rheum nobile,Bradysia sp.,mixed_pollinating_seed_predator,standardized_mean_difference,yes,no,no,no,rejected_timing,"The temporal 2015 experiment follows flower-opening day, fruit set, abortion and seed predation, but explicitly uses seed predation rate as a substitute for oviposition rate rather than measuring partner activity independently. The foundational Bradysia activity observations are from other years/components, and seeds in larva-bearing fruits are consumed, so no same-window net final-seed SMD is recoverable without reusing damage as exposure.",DROP,"True pollinating seed-consuming mutualism, but the temporal experiment fails the independent partner-window rule."
MIX002_SENITA_UPIGA,10.1007/s00442-002-1061-y,Lophocereus schottii,Upiga virescens,mixed_pollinating_seed_predator,standardized_mean_difference,yes,partial,yes,no,rejected_timing,"Six years of work quantify flowering onset/seasonal phenology, senita-moth pollination contribution and fruit production after larval costs, but the focal seasonal analysis does not provide an independently measured U. virescens activity curve that orders plant flowering windows by moth synchrony. Flowering timing mainly determines access by diurnal bee co-pollinators.",DROP,"Strong net-fitness nursery system and valuable context; do not infer moth synchrony from moth-only fruit set or the statement that moths were rare/abundant."
MIX002_DICHAEA_MONTELLA,10.1016/j.cub.2018.02.013,Dichaea cogniauxiana,Montella spp.,mixed_pollinating_seed_predator,standardized_mean_difference,yes,no,yes,yes,rejected_timing,"Active weevil pollination, larval seed/ovule consumption, fruit abortion and fruit biomass are quantified over multiple reproductive seasons, but no plant-flowering versus Montella activity synchrony exposure is estimated. Interannual infestation dynamics are not a within-season plant-partner timing contrast.",DROP,"Excellent nursery-pollination cost/benefit dataset; wrong exposure for strict IWE H1."
MIX002_SAMBUCUS_HETERHELUS,10.1002/ppp3.70175,Sambucus sieboldiana,Heterhelus morio / Heterhelus scutellaris,mixed_pollinating_seed_predator,standardized_mean_difference,yes,no,yes,yes,rejected_timing,"The 2026 study provides final inflorescence/fruit/seed outcomes and direct same-season observations, but the published visitor evidence is qualitative (abundant during anthesis, declining with senescence). The supporting workbook contains reproductive datasets S4/S10/S11, while Supporting Table S1 contains only dates and durations of visitor observations, not a quantitative beetle-activity time series. No source-backed high-versus-low Heterhelus availability window can therefore be linked to the reproductive units.",DROP,"Full supporting-information audit closes the former timing-linkage uncertainty: the missing quantity is not a join key but the quantitative partner-activity exposure itself."
MIX002_YUCCA_FILIFERA,10.21829/azm.2003.89891776,Yucca filifera,Tegeticula yuccasella,mixed_pollinating_seed_predator,standardized_mean_difference,yes,yes,yes,no,blocked_timing_linkage,"The 1998 programme has the needed independent timing measurement: adult T. yuccasella were sampled with UV traps twice weekly from 5 March to 18 May, with highest density in March and none recorded in May while Y. filifera still flowered. It also has final post-cost seed data: 500 mature fruits yielded viable, underdeveloped and damaged seed counts. However, the thesis/publication reports those 500 fruits only as pooled summaries. The 146 collected panicles were sampled every 10 days from March-August, but Annex Tables 9.1-9.7 retain plant characteristics and inflorescence/infructescence counts, not a fruit-level seed table keyed to plant/panicle/collection date. Therefore March high-moth versus late low/zero-moth final-seed groups cannot be reconstructed from the public source without inventing provenance.",P1,"Public full-text route is exhausted through the 2000 UANL thesis, annexes, and 2003 article. Exact unlock is the original fruit-level record carrying at minimum mature-fruit plant/panicle or collection-date provenance plus viable/damaged seed counts, or a source-backed month/cohort-specific final-seed summary. Fruit-count phenology alone is not post-seed-predation fitness."
MIX002_SYAGRUS_ANCHYLORHYNCHUS,10.1093/biolinnean/blz008,Syagrus coronata,Anchylorhynchus trapezicollis,mixed_pollinating_seed_predator,standardized_mean_difference,yes,partial,no,no,rejected_other,"The licuri-palm programme directly establishes A. trapezicollis as an effective pollinator and pre-dispersal seed predator and measures flower-phase visitation. However, its fruit counts were taken only days after fertilization and the authors explicitly state that these counts do not include later fruit abortion caused by Anchylorhynchus larvae. A separate reproductive-biology paper measures annual blooming phenology and visitors but not the post-larval final seed surface. Evidence from separate papers is not spliced into one strict effect.",DROP,"Biologically valid brood pollinator, but no single source/component supplies plant-partner synchrony plus final post-cost reproduction."
MIX002_CHAMAEROPS_DUFAY_2010,10.1111/j.1420-9101.2010.01968.x,Chamaerops humilis,Derelomus chamaeropis,mixed_pollinating_seed_predator,standardized_mean_difference,yes,yes,no,no,rejected_other,"Plant and pollinator phenology are measured contemporaneously and female seed production is quantified, but the pollinator larval cost is borne mainly in old male inflorescence rachises. In female inflorescences eggs/larvae are eliminated as seeds develop, so pollination benefit and larval reproductive-tissue cost do not coexist on the same final female reproductive surface.",DROP,"Nursery-pollination biology is sex-separated rather than a seed-predator net-fitness contrast suitable for the mixed primary estimand."
MIX002_SENITA_2011,10.1111/j.1600-0706.2010.18958.x,Lophocereus schottii,Upiga virescens,mixed_pollinating_seed_predator,standardized_mean_difference,yes,yes,yes,no,blocked_final_surface,"The programme measures early-versus-later moth abundance/oviposition and also follows egg-bearing flowers to ripe fruit in ant/EFN experiments, but the high-versus-intermediate moth-activity windows and the final ripe-fruit endpoint occur in separate experimental components. No single more-versus-less synchrony contrast carries a matched post-cost final reproductive summary.",P2,"Independent senita cactus programme; useful citation-mining anchor, but separate components cannot be combined into one strict SMD."
MIX002_DODD_LINHART_1994,10.2307/2445762,Yucca glauca,Tegeticula yuccasella,mixed_pollinating_seed_predator,standardized_mean_difference,yes,no,yes,no,rejected_timing,"The Colorado elevational-transect programme measures moth abundance, fruit set and surviving seeds across plains versus foothill sites. The contrast is spatial/elevational partner abundance, not plant-partner phenological synchrony: no within-season flowering-window versus contemporaneous moth-activity overlap contrast is recovered.",DROP,"Dodd 1989 MSc thesis is the long-form source (77 pp.), but the published programme question is elevational reproductive ecology rather than timing. Do not use low moth frequency at high elevation as a synchrony surrogate."
MIX002_HURLBURT_2004,10.7939/r3-fe1d-kj80,Yucca glauca,Tegeticula yuccasella,mixed_pollinating_seed_predator,standardized_mean_difference,yes,partial,yes,partial,blocked_timing_linkage,"The 1999-2003 Onefour programme sampled adult Yucca Moths repeatedly during flowering, followed marked clones/inflorescences to fruit set, and dissected mature fruits. Crucially, the 2004 University of Alberta PhD is now verified as a public Scholaris repository item (DOI 10.7939/r3-fe1d-kj80; primary file NQ95948.pdf, 7.27 MB). Public government summaries still expose only annual aggregates, so the exact within-season timing-to-final-reproduction linkage must be audited from the thesis itself.",P1,"Access blocker corrected on 2026-09-28: the thesis is public, not longform_not_public. Next step is direct repository retrieval and table/appendix audit; this execution environment receives 403 from Scholaris but that is a runtime-access issue, not source unavailability. No author contact is required."
ANT002_JAMES_1998_YUCCA,source:James_1998_MSc,Yucca kanabensis,non-pollinating Tegeticula yucca-moth complex (later cheater lineage),antagonist,standardized_mean_difference,yes,yes,yes,no,blocked_summary_stats,"Full Chapter 4 audit confirms that the 1996 observational dataset recorded, on the same plants, flowering start/end dates, daily new cheater-moth oviposition droplets through the flight season, and final intact versus damaged seeds from fruit collected after larval development. Same-season emergence is independently documented, and experimental early-versus-late flowering plants differ in oviposition. The remaining blocker is purely quantitative: the thesis reports flowering-date/oviposition regressions and larval results but does not publish early-versus-late final intact-seed group means plus variance. The recorded plant-level table is not printed, so an SMD cannot be reconstructed without raw data or a source-backed grouped summary.",P1,"Full MSc thesis is openly recoverable from Library and Archives Canada (MQ28950). This is now a confirmed three-biological-gate candidate, not a timing-linkage uncertainty. Do not convert its continuous flowering-date regressions to SMD or infer final-seed group moments. Source taxonomy predates Pellmyr 1999 revision; keep cheater identity conservative."
ANT002_PARNASSIA_WEN_2024,10.1002/ece3.70380,Parnassia wightiana,Nonarthra variabilis plus florivorous beetle assemblage,antagonist,standardized_mean_difference,yes,yes,partial,no,blocked_final_surface,"At Site A, flowering cohorts are explicitly defined by contemporaneous beetle abundance: early June=no beetles, July 1-15=<20% of flowers with chewing beetles, July 16-Aug 1=>70%. Sixty flowers per cohort were marked and bagged; final seeds/fruit were counted and decline strongly over the season. However, only 31/60 early, 41/60 middle and 25/60 late fruits were recovered because beetles chewed peduncles. The published Kruskal-Wallis result/boxplot reports seeds per surviving fruit, not a variance-bearing net seeds-per-initial-flower surface including beetle-caused fruit loss. The article cites Dryad DOI 10.5061/dryad.b2rbnzsqg and a reviewer-share URL, but the current audit finds the DOI/share inactive (404) and no searchable published Dryad record.",P1,"Biologically strong one-blocker candidate, but do not describe the raw dataset as currently public/retrievable. Dryad documentation states reviewer links are temporary and reserved DOIs activate only when the dataset is published. Closure requires source-backed fate-level data or a corrected public archive; do not digitize boxplots or assign zero to missing fruits."
ANT002_ALTHOFF_2005_FLORIVORES,source:Ecology_86_905_913,Yucca filamentosa,Leptoglossus phyllopus / Hymenorus densus,antagonist,standardized_mean_difference,yes,no,yes,no,rejected_timing,"The 2001-2002 Florida study surveyed each flowering plant every three days for flowering stage and florivore abundance and measured final fruit set. Its fitted effect is plant-level mean florivore abundance/day -> fruit set via path analysis; that is realized antagonist abundance/intensity, not a source-defined phenological synchrony contrast. Seasonal abundance curves cannot be converted post hoc into high/low overlap SMD groups.",DROP,"Useful same-unit activity/final-fitness context. Reject rather than convert path coefficients or year means into the frozen SMD synchrony family."
ANT002_CIRSIUM_RHINOCYLLUS,10.1007/s00442-004-1543-1,Cirsium canescens,Rhinocyllus conicus,antagonist,standardized_mean_difference,yes,yes,yes,no,blocked_timing_linkage,"Russell & Louda 2004 directly quantify site-year synchrony from contemporaneous adult-weevil activity and host flower-head development (1997-2000), and the same long-term Platte-thistle programme quantifies final seed set and demographic effects of Rhinocyllus damage. Public results, however, expose synchrony -> egg load and egg/damage -> seed set as separate model surfaces rather than a source-defined high-versus-low synchrony final-seed contrast with variance. IWE will not multiply or splice those models to manufacture an SMD.",P2,"High-value same-programme design precedent. Promote only if archived/site-year data expose final viable-seed output at the same synchrony unit with a defensible group contrast and variance; attack/no-attack seed differences are not themselves synchrony."
MIX002_JOSHUA_USGS_2022_2023,source:USGS_Thomas_Hoover_Busby_2022_2023,Yucca jaegeriana,Tegeticula antithetica,mixed_pollinating_seed_predator,standardized_mean_difference,yes,partial,partial,no,blocked_source_release,"The USGS 2022-2023 project was designed around Joshua-tree–moth phenological synchrony: inflorescence sticky traps measured T. antithetica visitation, tagged trees were followed for pod production, and harvested pods were evaluated for fertile seeds and larval damage. A 2023 poster reports preliminary site means/SD and explicitly labels the data preliminary/do-not-cite; a 2025 conference abstract reports 56 moths in 2022 versus 14 in 2023 and lower viable-pod production in 2023, but no citable unit-level synchrony-to-final-seed SMD or released dataset was recovered.",P2,"Prospective high-value completion route, not current meta-analytic evidence. Promote only after a final citable publication/data release exposes moth-activity timing and post-cost seed output at compatible biological units."
ANT002_PILSON_2000,source:Pilson_2000_Helianthus,Helianthus annuus,seasonal seed-feeding herbivore guild,antagonist,standardized_mean_difference,yes,yes,yes,no,blocked_effect_form,"The study independently documents seasonal abundance patterns of five seed-feeding herbivores and quantifies fitness consequences, but the published flowering-phenology analyses are continuous selection regressions rather than a source-defined high-versus-low partner-window group contrast with SMD-ready variance.",P2,"Biologically strong timing evidence but wrong native effect form for the frozen SMD replication target. Do not bin flowering date post hoc or convert the selection slope to SMD."
ANT002_SOLIDAGO_GROSS_1983,10.2307/1942589,Solidago graminifolia,Epicauta pennsylvanica,antagonist,standardized_mean_difference,yes,yes,yes,no,rejected_other,"The source independently monitors blister-beetle abundance over the season and reports source-defined early/late flowering groups with final filled-seed outcomes. In S. graminifolia, early clones have about fourfold greater Epicauta density than late clones, but the same early window is also strongly pollinator-limited; the authors attribute most of the reduction from potential seed set to pollinator limitation and only part to flower predation. The final early-versus-late seed-set contrast therefore cannot be interpreted as a focal-antagonist synchrony effect.",DROP,"Near-miss with unusually complete group summaries. S. juncea is also unusable because the source interprets the late-season seed-set decline primarily as pollen limitation despite rising blister-beetle pressure."
ANT002_HYBANTHUS_AUGSPURGER_1981,10.2307/1937745,Hybanthus prunifolius,microlepidopteran and Silba seed predators,antagonist,standardized_mean_difference,yes,no,yes,no,rejected_timing,"The experiment creates synchronous versus experimentally asynchronous plants and measures mature seeds plus seed-predator infestation, but synchrony is defined relative to the conspecific plant population rather than to an independently measured animal activity window. This is a predator-satiation/reproductive-synchrony experiment, not the frozen plant-animal synchrony estimand.",DROP,"Classic and ecologically important, but wrong synchrony reference for strict IWE H1."
MIX002_GREYA_GROSS_2023,10.1002/ecy.4043,Lithophragma bolanderi,Greya politella,mixed_pollinating_seed_predator,standardized_mean_difference,yes,no,yes,yes,rejected_timing,"Gross et al. 2023 directly censused adult Greya through the 2017 season and quantified developing/intact/partly eaten seeds plus eggs and larvae in natural capsules. However, the seed-outcome plants were sampled as site/month collections rather than as plant flowering-timing groups prospectively ordered by the measured adult activity window. Population-level Greya abundance differences are not a plant-partner synchrony contrast.",DROP,"Dryad 10.5061/dryad.jm63xsjg6 contains field capsule data, but the published design does not link each outcome plant/capsule to its flowering timing on the Greya activity curve. Do not relabel site/month abundance as synchrony."
MIX002_BREYNIA_EPICEPHALA_FINCH,source:Finch_2018_2019_2021_Richmond,Breynia oblongifolia,Epicephala spp.,mixed_pollinating_seed_predator,standardized_mean_difference,yes,partial,yes,yes,rejected_timing,"The Richmond programme directly observed adult Epicephala repeatedly and separately quantified post-cost net seed production in mature fruits, with public data. But mature fruits in the 2019 seed study were haphazardly collected from crop periods rather than longitudinally tagged from a known flowering/pollination date. The same programme shows that female flowers can remain dormant/pollinated for months and later develop into fruit when adult moths are absent, so fruit collection date cannot be used as the synchrony date.",DROP,"Same research programme, but no source-backed flower/pollination-date -> mature-fruit seed link. Do not align crop collection dates to contemporaneous moth counts or splice weekly adult activity to haphazardly collected mature fruits."
MIX002_FICUS_PUMILA_LIU_2014,10.1371/journal.pone.0097783,Ficus pumila,Wiebesia spp.,mixed_pollinating_seed_predator,standardized_mean_difference,yes,yes,no,no,rejected_other,"Liu et al. 2014 directly measure receptive-fig phenology and pollinator emergence/flight; poorly matched autumn receptive figs largely abort. However, F. pumila is dioecious: female trees provide the plant seed-reproduction surface while pollinator larvae develop in male figs. The plant benefit and seed-predator cost are therefore sex-separated rather than jointly measured on one final plant reproductive surface for the frozen mixed pollinating-seed-predator estimand.",DROP,"Resolve former IWE019 uncertainty as context evidence. Strong phenological-entrainment study, but not a qualifying same-surface mixed net-fitness contrast."
ANT002_IPOMOPSIS_HYLEMYA_2021,10.1086/713440,Ipomopsis aggregata,Hylemya sp.,antagonist,standardized_mean_difference,yes,no,yes,yes,rejected_timing,"Flowers and elongated buds were censused repeatedly, phenological cohorts were marked, Hylemya eggs were recorded, and fruits were followed to final seed production with public Dryad data. But the apparent Hylemya seasonal window is egg receipt on host flowers, a realized interaction outcome that depends on host availability and oviposition choice. No independent adult-fly activity/availability series was recovered.",DROP,"Strong final-fitness dataset, but it fails the independent partner-window rule. Dryad 10.6086/D18D7B does not rescue the exposure because eggs on flowers cannot be recycled as adult activity."
ANT002_KNAPWEED_LARINUS_2001,10.1007/s13355-016-0401-z,Centaurea virgata ssp. squarrosa,Larinus minutus / Urophora quadrifasciata,antagonist,standardized_mean_difference,yes,yes,partial,no,blocked_final_surface,"At Eureka, Utah in 2001, adult Larinus and Urophora abundance was independently measured by weekly 100-sweep samples. Once flowering began, up to 200 open flowers per week were marked with cohort-specific strings, recovered 4-6 weeks later as mature seed heads, and dissected. The 2016 synthesis publishes cohort-specific infestation patterns; the 2006 programme abstract confirms fates of individually marked flowerheads and effects on weed reproductive success. Neither public source exposes weekly marked-head viable-seed/seed-production means with sampling variance, and the 2001 Rieder article concerns earlier site-year fly distributions rather than this 2001 Eureka cohort surface.",P2,"Public-source route exhausted on 2026-09-28. Exact unlock is the original 2001 Eureka marked-head dissection/field-lab table or a source-backed weekly cohort summary carrying flowering cohort/date plus final mature viable seeds. Archive retrieval is now required; infestation percentage or broad seed-destruction percentages are not substitutes."
ANT002_CARDAMINE_ANTHOCHARIS_2024,10.1002/ece3.11330,Cardamine pratensis,Anthocharis cardamines,antagonist,standardized_mean_difference,yes,yes,yes,partial,blocked_timing_linkage,"Davies & Saccheri 2024 independently define the female A. cardamines flight season from capture+recapture dates in Dibbinsdale while individually labelled C. pratensis ramets are followed every 5-7 days from first flowering through dehiscence. Dryad 10.5061/dryad.v9s4mw741 exposes the complete plant trajectories. The strict response-blind exposure is now frozen as early_refugium/core_flight/late_refugium with core-vs-early and core-vs-late kept separate. The only missing biological object is the source-backed 2012-2014 female timing distribution or exact q10/q90 boundaries. Public auxiliary assets have now been identified: the official Wiley Figure 4 PowerPoint for the 2024 paper and three Davies 2019 Ecology supporting PDFs, but this execution environment cannot fetch their binary contents (unsupported PowerPoint content-type / 403 for supplements).",P1,"No-contact path remains before archive/email: inspect the official Figure 4 PowerPoint for embedded chart/source data and the Davies 2019 supplementary PDFs for 2012-2014 female event/quantile data. The 2016 Liverpool thesis and 2015 PeerJ MRR analyses cover 2005-2010 and cannot substitute. If the auxiliary assets contain only first-capture/emergence summaries or raster/vector graphics without source numbers, exact unlock remains the 2012-2014 female capture+recapture event list or q10/q90 table."
MIX002_LUDWIGIA_NANOPHYES_2026,10.1002/ecy.70440,Ludwigia adscendens,Nanophyes proles,mixed_pollinating_seed_predator,standardized_mean_difference,yes,no,yes,no,rejected_timing,"The 2026 Ecology study is a true nursery-pollination system: N. proles adults visit and pollinate one-day L. adscendens flowers, females oviposit into ovaries before anthesis, larvae consume seeds, and final seed costs plus fruit-submergence mortality are quantified with public Figshare data. But the source does not define a plant phenology contrast prospectively ordered by an independently measured seasonal adult-weevil availability window; the main causal axis is parasitism intensity and fruit submergence, not plant–partner phenological synchrony.",DROP,"New 2026 boundary case discovered in the refreshed mixed search. Do not convert pre-anthesis oviposition timing, larval number, fruit submergence or seasonal flowering duration into a high/low synchrony contrast. Figshare DOI 10.6084/m9.figshare.30831134.v1 makes outcome/mechanism data availability unusually good, but timing estimand remains wrong."
MIX002_OTTELIA_HYDRELLIA_2026,10.1111/nph.71476,Ottelia jingxiensis,Hydrellia sp.,mixed_pollinating_seed_predator,standardized_mean_difference,yes,no,no,no,rejected_other,"The 2026 New Phytologist study establishes Hydrellia shore flies as primary pollinators of O. jingxiensis, with oviposition on persistent female calyces. However, larvae leave the reproductive structure and feed on submerged leaves; foliar herbivory is substantial but uncorrelated with seed set. The pollination benefit and larval cost are therefore spatially decoupled rather than jointly expressed on a seed/fruit reproductive surface required by the frozen mixed pollinating-seed-predator estimand. The study also does not define a more-versus-less plant–adult-flight synchrony contrast.",DROP,"New 2026 nursery-pollination boundary case with public Figshare data. Reject as wrong biological cost surface rather than forcing vegetative herbivory into the pollinating seed-predator class; no timing conversion is attempted."
