candidate_id,target_class,route_rank,source_access,public_search_status,unlock_type,unlock_requirement,next_action_type,next_action,stop_rule,last_audited
MIX002_HURLBURT_2004,mixed_pollinating_seed_predator,1,thesis_public_insufficient,exhausted,timing_linkage,"Original Hurlburt thesis pp.73-75 (physical PDF 85-87) verifies flower opening-date and later flower-fate IDs plus independently censused female moths, but does not publish a dated marked-flower x adult-activity x post-larval intact-seed row set. Unlock requires matching source unit/date/seed outputs or an original timing-cohort mature-seed table with correct-unit variance.",contact_or_archive,"Archive-first and no author contact: seek original Onefour 1999-2002 marked-flower opening/fate records, dated adult female moth censuses, and same-marked-unit post-larval viable seed output. Public institutional record leads: 2005 Hurlburt monitoring protocol (Alberta recovery team) and 2007 AAFC Onefour final report; they are later CODEBOOK/CUSTODIAN LEADS ONLY, not 1999-2002 matched data. Follow docs/HURLBURT2004_NO_CONTACT_ARCHIVE_ROUTE_20261009.md and exact machine-readable archive queue; do not send author email or archive requests automatically.","Do not retry the recovered thesis DOI or treat flower retention as fully measured intact mature-seed fitness. Do not infer dated seed outcomes from separate pollen-source experiments, annual averages, Figure 3.7-3.9 plots, or Table 3.10 non-significant runs tests. Require independently keyed actual reproductive units and dated female census before any effect.",2026-10-09
MIX002_BOPP_2004,mixed_pollinating_seed_predator,3,longform_not_public,exhausted,timing_linkage,"Recover BOTH (a) an independent focal-season adult H. bicruris activity/availability series not inferred from eggs received by host flowers and (b) linked final post-seed-predation plant fruit/seed reproduction with variance at a defensible independent unit.",retrieve_longform,"Obtain Bopp 2003 Zoologica 152 by library/ILL using ISBN 978-3-510-55039-5. SLUB Dresden catalogue confirms the 2003 Schweizerbart monograph, 140 pages and 36 tables. Inspect it only for the two missing surfaces; no author contact is required.","Do not treat newly deposited eggs as an independent moth-availability curve, do not use larval performance as plant fitness, do not substitute the 2004 Oikos paper for the monograph, and do not promote the programme unless the long-form source resolves both missing surfaces.",2026-09-28
MIX002_YUCCA_FILIFERA,mixed_pollinating_seed_predator,2,thesis_public_insufficient,exhausted,timing_linkage,"Recover the original mature-fruit provenance: for each analyzed fruit (or a source-defined group), retain plant/panicle or flowering/collection date together with viable and damaged seed counts so March high-moth and late low/zero-moth windows can be compared without post hoc assignment.",contact_or_archive,"Public article, thesis chapters, and Annex Tables 9.1-9.7 are exhausted. Seek the 1998 fruit-level laboratory/field sheet, author-held data, or an institutional archive copy containing fruit provenance; alternatively obtain a source-backed month/cohort-specific final-seed summary.","Do not re-read or re-search the same public thesis, do not use inflorescence/infructescence counts as post-seed-predation fitness, and do not assign the pooled 500 mature fruits to March/April/May without a source-backed key.",2026-09-26
MIX002_JOSHUA_USGS_2022_2023,mixed_pollinating_seed_predator,4,active_project_unreleased,monitor_only,source_release,"Recover a final citable publication or released unit-level dataset linking moth-activity timing to post-cost fertile-seed or viable-pod output with compatible variance.",monitor_source_release,"Monitor the active USGS project and publication/data repositories; when a final release appears, audit biological-unit linkage before extraction.","Do not use preliminary do-not-cite poster values as primary evidence and do not turn year-level moth counts into an SMD contrast.",2026-09-26
ANT002_CARDAMINE_ANTHOCHARIS_2024,antagonist,1,public_asset_runtime_blocked,exhausted,timing_linkage,"Recover the source-backed 2012-2014 female Anthocharis cardamines capture/recapture event dates or exact year-specific q10/q90 flight-window values used in Davies & Saccheri 2024 Figure 4. The response-blind early_refugium/core_flight/late_refugium exposure rule is already frozen; recovered timing can go directly to preflight.",retrieve_public_asset,"Before any author/archive request, retrieve and inspect the already-identified public auxiliary assets in a normal browser/library environment: the official Wiley Figure 4 PowerPoint download for DOI 10.1002/ece3.11330 and the three supporting PDFs for Davies 2019 Ecology DOI 10.1002/ecy.2612 (ecy2612-sup-0001-AppendixS1.pdf, -0002-AppendixS2.pdf, -0003-AppendixS3.pdf). Determine whether they contain embedded/source-backed 2012-2014 female capture+recapture dates or exact flight-window quantiles. This execution environment reaches the asset endpoints but receives unsupported-content/403 responses.","Do not manually digitize Figure 4, do not use 2005-2010 POPAN/MRR dates from the older Dibbinsdale programme, do not substitute 2019 first-capture/emergence summaries for the 2024 capture+recapture distribution, do not use egg receipt as adult availability, and do not change the already-frozen three-level exposure after inspecting outcomes. If the public assets lack the exact timing object, then and only then move to institutional archive/contact.",2026-09-28
ANT002_PARNASSIA_WEN_2024,antagonist,2,repository_inactive,monitor_only,fate_level_raw_data,"Recover fate codes and final seed counts for all 60 initially marked flowers per early/middle/late cohort so beetle-caused peduncle loss is included in net reproduction.",monitor_repository,"Check for a corrected/activated Dryad deposit or source-backed supplementary fate table; otherwise use an author/archive route.","Do not digitize the boxplot, treat survivor fruits as all marked flowers, or assign zero seeds to missing fruits without source-backed fate.",2026-09-26
ANT002_JAMES_1998_YUCCA,antagonist,3,thesis_public_insufficient,exhausted,correct_unit_variance,"Recover timing-stratified plant-level means and variance for intact/damaged seeds after the measured non-pollinator flight window.",contact_or_archive,"Use the public thesis only to define the contrast; seek underlying plant-level data or author/archive summaries for the final-seed groups.","Do not reconstruct an SMD from Chapter 4 timing tests that lack group final-seed means and variance.",2026-09-26
ANT002_TOMARES_ASTRAGALUS,antagonist,4,longform_not_public,exhausted,timing_linkage,"Recover from Jordano 1987 thesis/original programme records BOTH (a) an independent adult T. ballus activity/flight series for the focal season that is not reconstructed from eggs received by host shoots and (b) a replicated timing-to-final-reproduction surface at a compatible biological unit. The original tagged-shoot histories are useful only if timing can be defined independently of egg receipt.",retrieve_longform,"Obtain Jordano 1987 PhD thesis or original Sierra Morena field archive. Audit first for independent adult census/transect timing in the focal season, then determine whether tagged-shoot flowering histories and final ripe-fruit/viable-seed outcomes permit a non-pseudoreplicated contrast. The general regional flight period in the companion life-history paper is context, not by itself a patch-specific strict exposure.","Do not use newly laid eggs as independent partner availability; do not use patch 1 versus patch 2 with plant/inflorescence n as if exposure were individually replicated; do not use RSI inflorescence N=211/77 or egg-load n=28/13 as SMD n; do not promote unless both independent timing and exposure-unit replication are source-backed.",2026-09-28
ANT002_CIRSIUM_RHINOCYLLUS,antagonist,5,public_source_insufficient,exhausted,same_unit_raw_data,"Recover one site-year or plant-level table containing both source-backed synchrony and final viable-seed output with variance at the same unit.",contact_or_archive,"Public article/repository search is exhausted; seek archived Platte-thistle site-year/plant tables from the Nebraska programme or authors, while keeping Russell–Louda and Rose–Louda–Rees model surfaces separate.","Do not multiply synchrony→egg-load and egg/damage→seed-set coefficients, use attack/no-attack seed loss as synchrony, or bin groups after inspecting seed outcomes.",2026-09-26
ANT002_KNAPWEED_LARINUS_2001,antagonist,6,public_source_insufficient,exhausted,final_surface,"Recover the original 2001 Eureka marked-flower dissection table, field/lab sheet, or source-backed weekly cohort summary carrying flowering cohort/date and mature viable-seed production with variance at the same marked-head unit as the independently measured adult Larinus/Urophora activity window.",contact_or_archive,"Public search is exhausted through the 2016 Applied Entomology and Zoology synthesis, the 2006 Western Society of Weed Science programme abstract, the 2001 Rieder et al. article, Utah State repositories, and indexed programme records. The public sources verify weekly adult sweeps and 4-6 week recovery/dissection of up to 200 marked flowers per week, but publish only cohort attack/infestation patterns or broader site/year seed-destruction summaries. Next admissible route is the original Evans/Rieder/Toler/Newbold 2001 Eureka field/lab table in an institutional/programme archive.","Do not repeat generic web searches, do not use cohort infestation percentage as final plant reproduction, do not splice California or other Utah site/year seed-destruction values into the Eureka timing programme, and do not infer viable-seed means from the fact that heads were dissected.",2026-09-28
MIX002_YUCCA_ELATA_JAMES1994,mixed_pollinating_seed_predator,5,public_asset_runtime_blocked,exhausted,same_unit_raw_data,"Recover James et al. 1994 Oikos 69:207-216 full table or institutional programme notebook linking nightly observed adult Tegeticula abundance to inflorescence/plant-tagged flowering and final intact viable seeds after larval consumption, with group-level variation and verified treatment units.",retrieve_public_asset,"First inspect DOI 10.2307/3546140 full Oikos article through permitted institutional library; the Jornada Experimental Range bibliographic PDF path 94-Oikos-Whitford.pdf returned HTTP 403 here. Check whether tables/appendices retain adult abundance by night and final fruit/seed fate by plant/inflorescence. Only if original tables demonstrate a linked reproducible contrast seek the corresponding historical New Mexico field archive.","Do not turn pooled 11786 flowers/699 fruit into independent samples; do not infer viable-seed production from number of mature fruit; do not bin nightly adult abundance using mature-fruit outcomes; do not treat reported 6.6 percent unweighted/potential mean versus 699/11786 pooled fraction as automatic data error.",2026-10-08
