run_id,source,query_family,coverage_requirement,source_query,status,run_date,result_count,export_path,dedup_status,notes
WOS_MUTUALIST,web_of_science,mutualist,required,"TS=((phenolog* OR synchron* OR mismatch* OR ""flowering time"") AND (pollinat* OR bee* OR moth*) AND (""seed set"" OR ""seed production"" OR ""fruit set"" OR fecund* OR reproduct*))",planned,,,,pending,"No lower publication-year cutoff; no result-direction exclusion."
WOS_ANTAGONIST,web_of_science,antagonist,required,"TS=((phenolog* OR synchron* OR mismatch* OR ""flowering time"") AND (""seed predat*"" OR florivor* OR herbivor* OR oviposit*) AND (""seed set"" OR ""seed production"" OR ""fruit set"" OR fecund* OR reproduct*))",planned,,,,pending,"Retain records even when partner timing later fails the strict gate."
WOS_MIXED,web_of_science,mixed_pollinating_seed_predator,required,"TS=(((""nursery pollination"") OR (""pollinating seed predator*"") OR Hadena OR Tegeticula OR Parategeticula OR Epicephala OR Chiastocheta OR Greya OR Agaonidae) AND (phenolog* OR synchron* OR mismatch* OR timing) AND (seed* OR fruit* OR fecund* OR reproduct*))",planned,,,,pending,"Named-system terms broaden discovery beyond generic nursery-pollination wording."
SCOPUS_MUTUALIST,scopus,mutualist,required,"TITLE-ABS-KEY((phenolog* OR synchron* OR mismatch* OR ""flowering time"") AND (pollinat* OR bee* OR moth*) AND (""seed set"" OR ""seed production"" OR ""fruit set"" OR fecund* OR reproduct*))",planned,,,,pending,"No lower publication-year cutoff; no result-direction exclusion."
SCOPUS_ANTAGONIST,scopus,antagonist,required,"TITLE-ABS-KEY((phenolog* OR synchron* OR mismatch* OR ""flowering time"") AND (""seed predat*"" OR florivor* OR herbivor* OR oviposit*) AND (""seed set"" OR ""seed production"" OR ""fruit set"" OR fecund* OR reproduct*))",planned,,,,pending,"Retain records even when partner timing later fails the strict gate."
SCOPUS_MIXED,scopus,mixed_pollinating_seed_predator,required,"TITLE-ABS-KEY(((""nursery pollination"") OR (""pollinating seed predator*"") OR Hadena OR Tegeticula OR Parategeticula OR Epicephala OR Chiastocheta OR Greya OR Agaonidae) AND (phenolog* OR synchron* OR mismatch* OR timing) AND (seed* OR fruit* OR fecund* OR reproduct*))",planned,,,,pending,"Named-system terms broaden discovery beyond generic nursery-pollination wording."
PROQUEST_ALL,proquest_dissertations,all_interactions,required,"AB((phenolog* OR synchron* OR mismatch* OR ""flowering time"") AND (plant* OR flower*) AND (pollinat* OR ""seed predator*"" OR florivor* OR herbivor* OR oviposit* OR ""nursery pollination"") AND (seed* OR fruit* OR fecund* OR reproduct*))",planned,,,,pending,"Grey-literature route is required because several high-value IWE programmes are thesis-dependent."
SNOWBALL_CORE,citation_snowball,all_interactions,required,"Backward and forward citation chaining from every include/unresolved study plus every P1/P2 completion-route anchor; repeat newly eligible anchors until one full iteration yields no new eligible source.",planned,,,,pending,"Record unique newly screened sources after DOI/title deduplication."
OPENALEX_MUTUALIST,openalex,mutualist,supplementary,"phenological mismatch synchrony flowering time pollinator seed set fruit set reproduction",planned,,,,pending,"Supplementary open-index triangulation; does not replace required bibliographic databases."
OPENALEX_ANTAGONIST,openalex,antagonist,supplementary,"flowering phenology synchrony seed predator florivore herbivore oviposition seed production fruit reproduction",planned,,,,pending,"Supplementary open-index triangulation; does not replace required bibliographic databases."
OPENALEX_MIXED,openalex,mixed_pollinating_seed_predator,supplementary,"nursery pollination pollinating seed predator Hadena Tegeticula Epicephala Chiastocheta Greya phenology seed fruit reproduction",planned,,,,pending,"Supplementary open-index triangulation; does not replace required bibliographic databases."
