adjudication_id,study_id,component,strict_h1_status,quantitative_status,expected_effect_id,timing_metric_type,timing_analysis_class,timing_domain,effect_family,reason
ADJ_IWE001_WHOLE,IWE001,whole_site_signed_lag,ineligible,native_extracted,,partner_minus_plant,unresolved_for_strict_h1,both_sides,fisher_z,"All three site correlations span both sides of exact matching; a whole-site signed slope cannot be oriented as monotonic synchrony."
ADJ_IWE002_LONGTERM,IWE002,long_term_signed_lag,ineligible,pending_alternative,,plant_minus_partner,unresolved_for_strict_h1,both_sides,,"The extended Nopporo series is two-sided and overlaps IWE001; only one-sided or otherwise reparameterized alternatives may be extracted."
ADJ_IWE002_SNOW,IWE002,snow_removal_pooled,ineligible,pending_alternative,,experimental_plant_shift,direct_timing_sensitivity,not_applicable,,"Snow removal is not consistently ordered by distance from bee emergence across years."
ADJ_IWE004_SEASONAL,IWE004,seasonal_bud_opening,ineligible,pending_sensitivity,,seasonal_position,direct_timing_sensitivity,not_applicable,,"Julian date is not a monotonic partner-synchrony axis: bee abundance rises through the season while visitation and total visits decline through co-flowering competition and floral longevity."
ADJ_IWE029_NP,IWE029,late_vs_peak_natural_seed_set,eligible,strict_extracted,IWE029_LATE_VS_PEAK_NP_LOGOR,seasonal_position,strict_window,ordered_by_measured_window,log_odds_ratio,"Peak and late sampling windows were prospectively selected to represent scarce versus high pollinator activity; measured legitimate-visit marks were 7.5% versus 93.6%, and natural-pollination seed set is modeled directly."
ADJ_IWE028_RANK,IWE028,flowering_rank_attack,ineligible,not_applicable,,seasonal_position,,not_applicable,,"The paper measures flower-head rank, ovule number (potential seed set), and P. plantaginis attack. Realized seed set is a later model reconstruction with no recoverable sampling variance and combines intrinsic rank-related seed potential with attack risk; no direct final-fitness strict-H1 effect is available."
IWE010_FINAL,IWE010,flowering_window_to_intact_fruits,unresolved,pending,,seasonal_position,direct_timing_sensitivity,not_applicable,standardized_mean_difference,"The programme measures flowering phenology and plant reproductive outcomes, but the source-defined mid- to late-July Phaulernis window is based on oviposition/egg observations rather than an independent adult-activity series. The published fruit number is also measured before intensive predation and includes later-predated fruits. Any strict rescue therefore requires both an independent partner-availability window and a final post-predation outcome at a compatible exposure unit."
IWE011_HA_HD,IWE011,HA_vs_HD_final_fruit_set,unresolved,pending,,seasonal_position,direct_timing_sensitivity,not_applicable,standardized_mean_difference,"Final intact fruit set is valid, but the HA-versus-HD strict-window extraction is withdrawn. The reported mid- to late-July Phaulernis window is an oviposition/egg-receipt window, not an independently measured adult-availability series. In addition, HA and HD are one permanent plot each, so n=177/127 plants cannot be used as independent exposure replicates for a plot-level synchrony contrast. A strict rescue needs independent adult timing and replication at a compatible plot-year or individual exposure unit."
ADJ_IWE015_2012,IWE015,2012_Hadena_dominant_vs_copollinator_dominant_successful_fruits,unresolved,pending,,seasonal_position,strict_window,ordered_by_measured_window,standardized_mean_difference,"Independent adult timing and source Table 1 final-fruit means exist, but the 2013 one-week tagged flower counts (294/281) are smaller than the implied successful-fruit totals (9.77*55 and 8.60*55). Final fruit-to-flowering-unit linkage is therefore unresolved; the published SE dispersion is also mathematically incompatible with bounded proportions at reported plant n. Require original female CSV/R code to reconcile both outcome-unit linkage and variance before eligible status or extraction."
ADJ_IWE015_2013,IWE015,2013_Hadena_dominant_vs_copollinator_dominant_successful_fruits,unresolved,pending,,seasonal_position,strict_window,ordered_by_measured_window,standardized_mean_difference,"Independent adult timing and source Table 1 final-fruit means exist, but the 2013 one-week tagged flower counts (294/281) are smaller than the implied successful-fruit totals (9.77*55 and 8.60*55). Final fruit-to-flowering-unit linkage is therefore unresolved; the published SE dispersion is also mathematically incompatible with bounded proportions at reported plant n. Require original female CSV/R code to reconcile both outcome-unit linkage and variance before eligible status or extraction."
ADJ_IWE027_2007_HIS,IWE027,2007_HIS_middle_vs_early_natural_seed_set,eligible,strict_extracted,IWE027_2007_HIS_M_VS_E_SEEDSET_SMD,seasonal_position,strict_window,ordered_by_measured_window,standardized_mean_difference,"Only 2007 is admitted because partner activity was directly measured that year. E flowering falls in the early low-visit period, while M flowering follows the late-July worker emergence and abrupt increase in bumble-bee visits; intact natural seed set is reported as mean±SE+n."
ADJ_IWE027_2007_GOS,IWE027,2007_GOS_middle_vs_early_natural_seed_set,eligible,strict_extracted,IWE027_2007_GOS_M_VS_E_SEEDSET_SMD,seasonal_position,strict_window,ordered_by_measured_window,standardized_mean_difference,"Only 2007 is admitted because partner activity was directly measured that year. E flowering falls in the early low-visit period, while M flowering follows the late-July worker emergence and abrupt increase in bumble-bee visits; intact natural seed set is reported as mean±SE+n."
ADJ_IWE027_2006,IWE027,2006_middle_vs_early_natural_seed_set,ineligible,pending,,seasonal_position,direct_timing_sensitivity,not_applicable,standardized_mean_difference,"Natural seed set was measured in 2006, but bumble-bee seasonal activity was directly measured only in 2007. IWE does not back-project the 2007 partner-activity ordering to create strict-H1 2006 effects."
ADJ_IWE013_EARLY_LATE,IWE013,early_vs_late_seed_predation_and_offspring,ineligible,not_applicable,,seasonal_position,direct_timing_sensitivity,not_applicable,standardized_mean_difference,"The 2008 study did not contemporaneously measure Eupithecia immundata activity; its mid-to-late-June oviposition window is cited from Eriksson 1995 and von Zeipel et al. 2006. The frozen contract does not back-project historical partner activity to create a strict synchrony contrast. Early/late outcomes are repeated measures within mother plants, and published summaries do not provide paired SMD variance."
ADJ_IWE023_2015_W1_W4,IWE023,2015_week1_vs_week4_seed_set,eligible,strict_extracted,IWE023_2015_W1_VS_W4_SEEDSET_SMD,experimental_plant_shift,strict_window,ordered_by_measured_window,standardized_mean_difference,"Four experimental flowering weeks were observed under the same-season pollinator community. Visitation differed among weeks and was more than fivefold higher in week 1 than week 4, so the high-versus-low partner-availability order is fixed independently of the final seed-set result. The balanced four-group ANOVA and reported relative group means recover the within-group variance needed for the week-1 versus week-4 SMD."
ADJ_IWE032_PENDING,IWE032,2012_2014_first_flowering_vs_female_flight_realized_fraction,unresolved,pending,,seasonal_position,strict_window,ordered_by_measured_window,standardized_mean_difference,"Broad Tier-A screen passes and the response-blind timing plus realized-fraction/SMD rules are frozen, but source-backed numeric 2012-2014 female capture/recapture dates are not yet recovered. No strict effect may be marked extracted until the provenance-guarded preflight yields an estimable year x ecotype stratum."
