study_id,interaction_type,screening_state,reason_code,priority,candidate_chain,notes
IWE001,mutualist,registered,registered_propagation,REGISTERED,plant_vs_partner_onset -> final_natural_seed_set,"Directional plant-earlier chain already registered; shares Corydalis dependence with IWE002."
IWE002,mutualist,candidate,needs_source_audit,P1,signed_mismatch -> final_seed_production,"19-year timing/final-reproduction data exist; needs directional reconstruction and must share DEP_CORYDALIS_KUDO_LONGTERM."
IWE003,mutualist,blocked,dependence_unresolved,P2,site_specific_mismatch -> seed_set,"Potential chain but population/year overlap with IWE001/IWE002 remains unresolved."
IWE004,mutualist,candidate,needs_source_audit,P2,seasonal_flowering_position -> visitation_competition -> seed_set,"Final seed set and seasonal pollinator context exist; chain is complex and calendar timing is not a monotonic partner window."
IWE005,mutualist,registered,registered_propagation,REGISTERED,experimental_flowering_shift -> pollinator_composition_effectiveness -> mature_seed_set,"Outcome-blind source audit completed. Tradescantia and Asclepias both preserve the experimental flowering-timing signal to mature seed set after focal pollinator visits; two links share DEP_RAFFERTY_IVES_2010."
IWE006,mutualist,ineligible,no_final_fitness,DROP,experimental_flowering_shift -> visitation,"No qualifying final plant reproductive endpoint in the registered source."
IWE007,mutualist,ineligible,no_isolated_timing_signal,DROP,warming -> phenology_traits_interactions -> reproduction,"Warming changes multiple traits/resources together; a timing signal cannot be isolated prospectively from the source design."
IWE008,mutualist,registered,registered_propagation,REGISTERED,signed_plant_key_pollinator_peak_mismatch -> seed_setting,"Outcome-blind propagation audit completed. Independently monitored signed peak mismatch reaches seed-setting fitness and is strongly asymmetric, with pollinator-peaks-earlier more detrimental. One community-level link uses DEP_QILIAN_WANG2021_2022; plant species are not counted as independent programmes."
IWE009,mutualist,ineligible,no_final_fitness,DROP,plant_bee_long_term_phenology,"Occurrence-derived timing lacks matched plant reproductive fitness."
IWE010,antagonist,ineligible,no_final_fitness,DROP,seasonal_flowering -> oviposition_predation -> fruit_number,"Published fruit number is pre-predation; final post-cost reproduction is absent."
IWE011,antagonist,registered,registered_propagation,REGISTERED,seasonal_plant_timing -> final_post_predation_reproduction,"Plot-level post-cost transformation already registered."
IWE012,antagonist,candidate,needs_source_audit,P2,flowering_time_x_predator_context -> final_fitness_selection,"Predator-mediated flowering-time selection reaches fitness, but no separate partner-window stage is identified."
IWE013,antagonist,candidate,needs_source_audit,P2,flowering_schedule -> seed_predation -> total_offspring_fitness,"Final offspring fitness exists; predator window is historical rather than focal-season, so adjudicate as seasonal/historical propagation only."
IWE014,mixed_pollinating_seed_predator,candidate,needs_source_audit,P1,seasonal_flowering_position -> pollination_and_seed_predation -> final_seed_output,"Mixed benefit/cost chain exists but adult Hadena activity is not independently measured."
IWE015,mixed_pollinating_seed_predator,blocked,timing_to_final_linkage,P1,measured_Hadena_dominance_window -> successful_post_predation_fruits,"Biological timing/final gates pass; quantitative interpretation remains on raw-variance hold."
IWE016,mixed_pollinating_seed_predator,ineligible,no_isolated_timing_signal,DROP,environmental_context -> pollination_predation -> reproduction,"Focal exposure is environmental/host-density context rather than timing."
IWE017,mixed_pollinating_seed_predator,ineligible,no_final_fitness,DROP,host_moth_tracking -> interaction_timing,"Strong tracking mechanism but no matched final plant-fitness endpoint."
IWE018,mixed_pollinating_seed_predator,ineligible,no_isolated_timing_signal,DROP,active_pollination_seed_consumption,"Establishes brood-pollination biology but does not vary phenological timing as the focal exposure."
IWE019,mixed_pollinating_seed_predator,ineligible,wrong_biological_surface,DROP,fig_wasp_timing -> crop_abortion,"Female-tree seed reproduction and male-tree pollinator development are sex-separated; no same-surface mixed final-fitness chain."
IWE020,mixed_pollinating_seed_predator,ineligible,no_isolated_timing_signal,DROP,fly_presence -> costs_benefits_seed_set,"Available final seed summaries are fly-presence contexts rather than timing."
IWE021,mixed_pollinating_seed_predator,ineligible,no_isolated_timing_signal,DROP,Greya_pollination_context -> seed_set,"Measures pollination/seed set across years but lacks a source-defined plant-partner timing exposure."
IWE022,mutualist,blocked,timing_to_final_linkage,P1,bee_capture_window_x_flowering -> viable_seed_production,"Seasonal bee captures, flowering timing and viable seeds all exist but location/time grain must be linked compatibly."
IWE023,mutualist,registered,registered_propagation,REGISTERED,measured_pollinator_visitation_window -> final_mature_seed_set,"Registered as buffered after source-level visitation decline is compensated by changing pollinator effectiveness."
IWE024,mutualist,registered,registered_propagation,REGISTERED,experimental_flowering_shift -> visitation_pollen_limitation_frost -> fruit_and_seed_set,"Outcome-blind source audit completed. Early-vs-control pollination service is sign-reversed at final reproduction by severe frost, while late-vs-control low visitation/pollen limitation is preserved; both links share DEP_CLAYTONIA_GEZON_2013_ARRAY."
IWE025,mutualist,registered,registered_propagation,REGISTERED,experimental_flowering_time_x_water -> visitation_and_resource_pathways -> mature_seed_set,"Outcome-blind source audit completed. Later flowering coincides with lower visitation and ~15% lower mature seed set, so the final seed-number direction is preserved; mediation by visitation is weak (p=0.08) and water effects are stronger. Shares DEP_MERTENSIA_GALLAGHER_CAMPBELL_RMBL with buffered IWE023."
IWE026,mutualist,candidate,needs_source_audit,P2,flowering_date -> pollen_limitation -> total_seed_production,"Final seed production exists across contrasting years; no explicit partner activity but seasonal propagation may be adjudicable."
IWE027,mutualist,registered,registered_propagation,REGISTERED,measured_bumblebee_service_window -> final_intact_seed_set,"Registered preserved chain."
IWE028,antagonist,ineligible,model_derived_final,DROP,flowering_rank -> attack_risk -> modeled_seed_set,"Final realized seed production is model-derived without a direct variance-bearing endpoint."
IWE029,mutualist,registered,registered_propagation,REGISTERED,measured_oil_bee_service_window -> final_natural_seed_set,"Registered preserved chain."
IWE030,antagonist,ineligible,synthesis_not_single_chain,DROP,pollinator_herbivore_seed_predator_timing_tradeoffs,"Classic synthesis/case-study evidence but no single source-defined timing-to-final-fitness chain for propagation adjudication."
IWE031,antagonist,registered,registered_propagation,REGISTERED,experimental_herbivory_timing -> final_viable_seed_production,"Registered preserved direct-timing chain."
IWE032,antagonist,registered,registered_propagation,REGISTERED,egg_and_phase_windows -> final_intact_reproduction,"Two registered links: shifted/filtered total->active egg window and phase-to-final-fate preservation."
