propagation_id,study_id,interaction_type,from_stage,to_stage,transformation,final_fitness_reached,direction_comparable,dependence_id,window_reference_class,evidence_note
SIG_IWE001_FINAL,IWE001,mutualist,plant_vs_partner_onset,final_natural_seed_set,preserved,yes,yes,DEP_CORYDALIS_KUDO_LONGTERM,independent_partner_activity,"On the plant-earlier side, larger lead before bee detection predicts lower natural seed set at all three sites."
SIG_IWE011_POSTCOST,IWE011,antagonist,seasonal_plant_timing,final_post_predation_reproduction,sign_reversed,yes,yes,DEP_PEUCEDANUM_KUDO_PROGRAM,realized_interaction_window,"Early-to-late rank is weakly negative for initial fruit set (rho=-0.316) but strongly positive for final fruit set/intact fruit number (rho=+0.800), so the downstream predator stage reorients the timing signal."
SIG_IWE032_FILTER,IWE032,antagonist,total_egg_exposure,active_future_damage_exposure,shifted_filtered,yes,no,DEP_IWE032_CARDAMINE_DIBBINSDALE,realized_interaction_window,Total-egg peak z=-1.10 sigma=0.92 shifts to active-egg peak z=-0.61 sigma=0.66; source fitness equation propagates the filtered window to final intact reproduction.
SIG_IWE032_PHASE_FATE,IWE032,antagonist,flowering_to_oviposition_phase,final_attacked_plant_fate,preserved,yes,yes,DEP_IWE032_CARDAMINE_DIBBINSDALE,realized_interaction_window,"Early ecotype has longer flowering-to-egg interval (11.50 vs 5.72 d) and higher dehiscence-before-larval-completion rate (34% vs 4%); ecotype-level descriptive alignment, not individual-level pairing."
SIG_KULA2012_REVERSAL,PIVOT_KULA2012,mixed_pollinating_seed_predator,flowering_x_oviposition_synchrony,flower_or_fruit_predation,sign_reversed,no,yes,DEP_SILENE_STELLATA_HADENA_MLBS,realized_interaction_window,Synchrony predicts more predation in 2008 but less in 2009 as phase safety margin changes from -11.3 to +0.3 d.
SIG_JAMES1998_ERASURE,PIVOT_JAMES1998,antagonist,flowering_timing_to_oviposition,realized_cheater_larval_load,erased,no,yes,DEP_YUCCA_JAMES_1995_1996,realized_interaction_window,"Flowering date predicts oviposition exposure, but flowering/isolation/fruit number do not predict realized larval number (n=359; model R2=0.000)."
SIG_POSLEDOVICH2015_FINAL,PIVOT_POSLEDOVICH2015,antagonist,host_stage_and_temperature,plant_outgrows_larva_to_mature_seedpods,erased,yes,yes,DEP_ANTHOCARIS_POSLEDOVICH_LAB2015,direct_interaction_manipulation,"Host stage and temperature alter larval performance, but mature-seedpod escape depends only on host species identity."
SIG_LATHYRUS_LONGTERM_SELECTION,PIVOT_OSTERGARD2007,antagonist,yearly_flowering_date_x_seed_predation_covariance,flowering_time_selection_on_intact_seed_fitness,erased,yes,yes,DEP_LATHYRUS_BRUCHUS_OSTERGARD2007,realized_interaction_window,"Across 21 years, the changing flowering-date–seed-predation covariance does not explain flowering-time selection (estimate=-0.033; 95% CI -0.101 to +0.037)."
SIG_SENITA_REDUNDANCY,PIVOT_SENITA_1998_2002,mixed_pollinating_seed_predator,alternative_partner_presence,effective_pollination_service,buffered,no,yes,DEP_SENITA_HOLLAND_FLEMING_BK_ORPI,seasonal_position_only,Redundancy is available only when partner activity overlaps flower receptivity; July 1998 moth cohort gap gives 0% open fruit set despite broader pollinator community.
SIG_ULEX_ALTERNATIVE,PIVOT_ATLAN2010,antagonist,position_relative_to_predator_peak,whole_season_damage_and_reproduction,buffered,yes,yes,DEP_ULEX_ATLAN_COMMON_GARDEN_2010,realized_interaction_window,Temporal escape and predator satiation produce nearly identical whole-season infestation (29% vs 30%) and no flowering-type effect on annual reproduction.
SIG_PARKINSONIA_TRACKING,PIVOT_VANKLINKEN2008,antagonist,seed_resource_phenology,oviposition_and_final_seed_loss,tracking_inertia,yes,yes,DEP_PARKINSONIA_PENTHOBRUCHUS_AUS_2000_2003,realized_interaction_window,Egg density falls at pod maturation rather than tracking peak seed availability; final annual seed predation remains low relative to potential.
SIG_COLLIN2010_NET,PIVOT_COLLIN2010,mixed_pollinating_seed_predator,calendar_flowering_onset,final_unattacked_mature_seed_fruits,preserved_net_changed_mechanism,yes,yes,DEP_DIANTHUS_SYLVESTRIS_COLLIN_2001_2003,realized_interaction_window,"Final relative reproductive success declines with flowering onset in both years, although fruit-set and secondary-predation components differ between years."
SIG_IMAI2006_AUCUBA,PIVOT_IMAI2006_AUCUBA,antagonist,experimental_oviposition_date,final_seed_producing_vs_galled_fruit_fate,preserved,yes,yes,DEP_AUCUBA_ASPHONDYLIA_IMAI2006_2009,direct_interaction_manipulation,Experimental shift across the host tissue window carries strongly to final reproductive fate: complete gall induction that destroys seed production falls from 80.9% before 15 June to 8.8% after.
SIG_HEMBORG1999_TROLLIUS_BUFFER,PIVOT_HEMBORG1999,mixed_pollinating_seed_predator,early_multi_flower_oviposition_and_predation,whole_plant_annual_seed_output,buffered,yes,yes,DEP_TROLLIUS_HEMBORG_DESPRES_1995_1996,seasonal_position_only,"Early flowers on multi-flowered plants attract more oviposition and experience higher relative seed predation, yet multi-flowered plants have greater annual seed output than single-flowered plants at all altitudes (later restatement: ~80-140% higher). The interaction-timing cost is buffered at whole-plant annual fitness."
SIG_IWE023_SERVICE_FINAL,IWE023,mutualist,measured_pollinator_visitation_window,final_mature_seed_set,buffered,yes,yes,DEP_MERTENSIA_GALLAGHER_CAMPBELL_RMBL,independent_partner_activity,"Pollinator visitation declines >5-fold from week 1 to week 4, but the source reports no significant seed-set difference across four flowering weeks (F(3,36)=1.01). Later weeks contain a higher proportion of more-effective bumblebee visits, countering the visitation decline. The frozen week-1 minus week-4 SMD remains positive (g=+0.3815), but the source-level timing signal is biologically buffered before net seed set rather than classified as exact preservation."
SIG_IWE027_SERVICE_FINAL,IWE027,mutualist,measured_low_vs_high_bumblebee_service_window,final_intact_natural_seed_set,preserved,yes,yes,DEP_IWE027_TAISETSU_2007,independent_partner_activity,"In 2007, early low-visit plots precede late-July worker emergence and the middle window has high bumblebee visitation; intact mature seed set is higher in the high-service middle window at both HIS (g=+0.8518) and GOS (g=+1.0039), retained as one programme cluster."
SIG_IWE029_SERVICE_FINAL,IWE029,mutualist,measured_scarce_vs_high_oil_bee_service_window,final_natural_seed_set,preserved,yes,yes,DEP_IWE029_CATIMBAU_2020,independent_partner_activity,"Peak flowers had 7.5% legitimate oil-bee visit marks versus 93.6% in the late window; naturally pollinated late-vs-peak final seed-set log-odds is +1.55 (SE=0.25), preserving the service-window ordering to final reproduction."
SIG_WU2015_WHEAT_FINAL,PIVOT_WU2015,antagonist,adult_occurrence_x_susceptible_ear_emergence,final_yield_loss,preserved,yes,yes,DEP_WHEAT_MIDGE_WU2012_2013,independent_partner_activity,Yellow-trap adult occurrence is aligned to experimentally identified susceptible ear emergence. Greater overlap and greater cumulative adult abundance during ear emergence both predict higher final yield loss across >400 susceptible cultivars over 2012-2013.
SIG_WISE2015_WHEAT_FINAL,PIVOT_WISE2015,antagonist,adult_midge_exposure_timing_relative_to_spike_emergence,final_seed_damage_and_yield_loss,preserved,yes,yes,DEP_WHEAT_MIDGE_WISE2015_CANADA,direct_interaction_manipulation,Later adult exposure from spike emergence toward anthesis produces less seed damage; susceptible spikes exposed two or more days after emergence have lower final yield loss than spikes exposed at emergence. Host resistance modifies magnitude but preserves timing direction.
SIG_IWE031_HOST_STAGE_FINAL,IWE031,antagonist,experimental_herbivory_timing_across_host_age,final_viable_seed_production,preserved,yes,yes,DEP_IWE031_ASCLEPIAS_MONARCH,direct_interaction_manipulation,"Monarch herbivory is experimentally imposed at 60-, 74-, and 88-day host ages. Timing strongly changes downstream reproductive consequence: late-season herbivory has the strongest effect on viable-seed production, while early herbivory most affects plant size. Direct timing-to-final-fitness propagation; no natural adult-window comparator."
SIG_GOLS2025_SINAPIS_FINAL,PIVOT_GOLS2025,antagonist,experimental_herbivory_timing_across_ontogeny,final_reproductive_potential,buffered,yes,yes,DEP_GOLS2025_PIERIS_BRASSICACEAE,direct_interaction_manipulation,"In Sinapis arvensis, herbivory timing strongly changes total seed mass, individual seed mass and germination, but integrated reproductive potential (seed number × germination) is unaffected by ontogeny among herbivory treatments (statistic=0.21,p=0.81). Source-demonstrated compensation makes this a buffered prospective timing signal."
SIG_GOLS2025_BRASSICA_FINAL,PIVOT_GOLS2025,antagonist,experimental_herbivory_timing_across_ontogeny,final_reproductive_potential,preserved,yes,yes,DEP_GOLS2025_PIERIS_BRASSICACEAE,direct_interaction_manipulation,"In Brassica nigra under the same experimental architecture, final reproductive potential differs strongly with herbivory stage (ontogeny without controls statistic=41.2,p<0.001); vegetative/budding attack reduces final reproductive potential whereas flowering-stage attack is similar to control."
SIG_IWE005_TRADESCANTIA_FINAL,IWE005,mutualist,experimental_flowering_onset,pollinator_visit_to_mature_seed_set,preserved,yes,yes,DEP_RAFFERTY_IVES_2010,direct_interaction_manipulation,"Tradescantia flowering onset is experimentally shifted across five weeks; focal-flower mature seed set increases with week (log-scale coefficient +0.41±0.15 SE,z=2.76,p=0.006). Pollinator composition and effectiveness change through time; source model explains 84% of among-treatment seed-set variation."
SIG_IWE005_ASCLEPIAS_FINAL,IWE005,mutualist,experimental_flowering_onset,pollinator_visit_to_mature_seed_set,preserved,yes,yes,DEP_RAFFERTY_IVES_2010,direct_interaction_manipulation,"Asclepias flowering onset is experimentally shifted and mature seeds are counted after focal visits. Seed set per visit increases with later flowering; aggregated pollinator importance explains 80% of among-week variation and pollinator effectiveness included explains 90%."
SIG_IWE024_EARLY_FINAL,IWE024,mutualist,experimental_early_flowering_and_high_pollinator_service,final_fruit_and_seed_reproduction,sign_reversed,yes,yes,DEP_CLAYTONIA_GEZON_2013_ARRAY,direct_interaction_manipulation,"Early array plants have high pollinator visitation and are not pollen limited but suffer severe frost and almost completely fail to reproduce; an abiotic downstream filter reverses the pollination-service expectation."
SIG_IWE024_LATE_FINAL,IWE024,mutualist,experimental_late_flowering_and_low_pollinator_service,final_fruit_and_seed_reproduction,preserved,yes,yes,DEP_CLAYTONIA_GEZON_2013_ARRAY,direct_interaction_manipulation,"Late array plants receive low pollinator visitation, are strongly pollen limited, and have very low fruit/seed reproduction relative to controls, preserving the temporal pollination-service direction."
SIG_IWE025_MERTENSIA_FINAL,IWE025,mutualist,experimental_flowering_week,final_mature_seeds_per_flower,preserved,yes,yes,DEP_MERTENSIA_GALLAGHER_CAMPBELL_RMBL,direct_interaction_manipulation,"Across four experimental flowering weeks, pollinator access declines and mature seed set falls about 15%; phenology significantly affects seed set. Seed-set vs visitation rate is not significant (chi-square=3.14,p=0.08) and water has a stronger reproductive effect, so preservation does not imply pollinator mediation. Shares programme dependence with buffered IWE023."
SIG_IWE008_QILIAN_FINAL,IWE008,mutualist,signed_flower_vs_key_pollinator_peak_mismatch,individual_seed_setting,preserved,yes,yes,DEP_QILIAN_WANG2021_2022,independent_partner_activity,"Flowering abundance and key-pollinator visits independently define signed peak mismatch across an alpine community. Mismatch reaches seed-setting fitness, with pollinator-peaks-earlier significantly more detrimental than flower-peaks-earlier; flowering duration moderates the asymmetry. Registered as one programme link rather than species-level replications."
SIG_IWE002_LONGTERM_FINAL,IWE002,mutualist,flowering_onset_relative_to_independent_bee_emergence,final_natural_seed_set,preserved,yes,yes,DEP_CORYDALIS_KUDO_LONGTERM,independent_partner_activity,"Nopporo 1999-2017 and the snow-removal experiment show the same direction: when Corydalis flowers before bumblebee emergence, increasing mismatch reduces natural seed set. Shares the long-term Corydalis dependence cluster with IWE001 and does not add an independent programme."
SIG_IWE004_PULSATILLA_FINAL,IWE004,mutualist,seasonal_bud_opening_and_realized_visitation,final_seed_set,preserved,yes,yes,DEP_IWE004_PULSATILLA,seasonal_position_only,"Early Pulsatilla flowers receive higher visitation despite lower total bee abundance; estimated total bee visits positively predict seed set. Open-pollinated seed set marginally declines with later bud opening (F=2.8,p=0.098), while hand-pollinated seed set does not; calendar date adds no explanatory power once total visits are included."
SIG_IWE012_GENTIANA_FINAL,IWE012,antagonist,baseline_flowering_time_fitness_direction,final_selection_with_seed_predator,sign_reversed,yes,yes,DEP_IWE012_GENTIANA,seasonal_position_only,"Without Phengaris alcon, selection favours earlier flowering; where the seed predator is present it preferentially attacks early plants and shifts final selection toward later flowering across 20 populations and two years."
SIG_IWE013_ACTAEA_FINAL,IWE013,antagonist,intrinsic_early_offspring_reproductive_value,total_offspring_fitness_after_seed_predation,sign_reversed,yes,yes,DEP_IWE013_ACTAEA,seasonal_position_only,"Intact early-flower seeds have about twice the reproductive value of late-flower seeds, but late fruits escape seed predation; early and late reproductive values balance at ~63% predation and stronger population predation selects greater allocation to late flowers."
SIG_IWE026_MERTENSIA_FUSIFORMIS_FINAL,IWE026,mutualist,seasonal_flowering_time,total_seed_production_and_offspring_output,buffered,yes,yes,DEP_MERTENSIA_FUSIFORMIS_FORREST_THOMSON_2007_2008,seasonal_position_only,"Flowering-time fitness differs between 2007 and 2008; late flowers can match early seed production when early ovule fertilization is prevented, pollen limitation is weak, and poor 2007 reproduction is mainly frost-related. Source-demonstrated resource reallocation/bet hedging buffers one stable timing-to-fitness direction."
